Category,Motivation,clean_motivation,Label
physics,"""in recognition of the extraordinary services he has rendered by the discovery of the remarkable rays subsequently named after him""",recognition extraordinary services rendered discovery remarkable rays subsequently named,0
medicine,"""for his work on serum therapy especially its application against diphtheria by which he has opened a new road in the domain of medical science and thereby placed in the hands of the physician a victorious weapon against illness and deaths""",work serum therapy especially application diphtheria opened new road domain medical science thereby placed hands physician victorious weapon illness deaths,1
peace,"""for his humanitarian efforts to help wounded soldiers and create international understanding""",humanitarian efforts help wounded soldiers create international understanding,2
peace,"""for his lifelong work for international peace conferences diplomacy and arbitration""",lifelong work international peace conferences diplomacy arbitration,2
literature,"""in special recognition of his poetic composition which gives evidence of lofty idealism artistic perfection and a rare combination of the qualities of both heart and intellect""",special recognition poetic composition gives evidence lofty idealism artistic perfection rare combination qualities heart intellect,3
chemistry,"""in recognition of the extraordinary services he has rendered by the discovery of the laws of chemical dynamics and osmotic pressure in solutions""",recognition extraordinary services rendered discovery laws chemical dynamics osmotic pressure solutions,4
chemistry,"""in recognition of the extraordinary services he has rendered by his work on sugar and purine syntheses""",recognition extraordinary services rendered work sugar purine syntheses,4
literature,"""the greatest living master of the art of historical writing with special reference to his monumental work <I>A history of Rome</I>""",greatest living master art historical writing special reference monumental work IA history RomeI,3
peace,"""for his eminently practical administration of the Inter-Parliamentary Union""",eminently practical administration InterParliamentary Union,2
peace,"""for his untiring and skilful directorship of the Bern Peace Bureau""",untiring skilful directorship Bern Peace Bureau,2
physics,"""in recognition of the extraordinary service they rendered by their researches into the influence of magnetism upon radiation phenomena""",recognition extraordinary service rendered researches influence magnetism upon radiation phenomena,0
medicine,"""for his work on malaria by which he has shown how it enters the organism and thereby has laid the foundation for successful research on this disease and methods of combating it""",work malaria shown enters organism thereby laid foundation successful research disease methods combating,1
physics,"""in recognition of the extraordinary service they rendered by their researches into the influence of magnetism upon radiation phenomena""",recognition extraordinary service rendered researches influence magnetism upon radiation phenomena,0
physics,"""in recognition of the extraordinary services they have rendered by their joint researches on the radiation phenomena discovered by Professor Henri Becquerel""",recognition extraordinary services rendered joint researches radiation phenomena discovered Professor Henri Becquerel,0
peace,"""for his longstanding and devoted effort in favour of the ideas of peace and arbitration""",longstanding devoted effort favour ideas peace arbitration,2
physics,"""in recognition of the extraordinary services he has rendered by his discovery of spontaneous radioactivity""",recognition extraordinary services rendered discovery spontaneous radioactivity,0
physics,"""in recognition of the extraordinary services they have rendered by their joint researches on the radiation phenomena discovered by Professor Henri Becquerel""",recognition extraordinary services rendered joint researches radiation phenomena discovered Professor Henri Becquerel,0
chemistry,"""in recognition of her services to the advancement of chemistry by the discovery of the elements radium and polonium by the isolation of radium and the study of the nature and compounds of this remarkable element""",recognition services advancement chemistry discovery elements radium polonium isolation radium study nature compounds remarkable element,4
medicine,"""in recognition of his contribution to the treatment of diseases especially lupus vulgaris with concentrated light radiation whereby he has opened a new avenue for medical science""",recognition contribution treatment diseases especially lupus vulgaris concentrated light radiation whereby opened new avenue medical science,1
literature,"""as a tribute to his noble magnificent and versatile poetry which has always been distinguished by both the freshness of its inspiration and the rare purity of its spirit""",tribute noble magnificent versatile poetry always distinguished freshness inspiration rare purity spirit,3
chemistry,"""in recognition of the extraordinary services he has rendered to the advancement of chemistry by his electrolytic theory of dissociation""",recognition extraordinary services rendered advancement chemistry electrolytic theory dissociation,4
literature,"""in recognition of the numerous and brilliant compositions which in an individual and original manner have revived the great traditions of the Spanish drama""",recognition numerous brilliant compositions individual original manner revived great traditions Spanish drama,3
physics,"""for his investigations of the densities of the most important gases and for his discovery of argon in connection with these studies""",investigations densities important gases discovery argon connection studies,0
peace,"""for its striving in public law to develop peaceful ties between nations and to make the laws of war more humane""",striving public law develop peaceful ties nations make laws war humane,2
chemistry,"""in recognition of his services in the discovery of the inert gaseous elements in air and his determination of their place in the periodic system""",recognition services discovery inert gaseous elements air determination place periodic system,4
medicine,"""in recognition of his work on the physiology of digestion through which knowledge on vital aspects of the subject has been transformed and enlarged""",recognition work physiology digestion knowledge vital aspects subject transformed enlarged,1
literature,"""in recognition of the fresh originality and true inspiration of his poetic production which faithfully reflects the natural scenery and native spirit of his people and in addition his significant work as a Proven&ccedil;al philologist""",recognition fresh originality true inspiration poetic production faithfully reflects natural scenery native spirit people addition significant work Provenccedilal philologist,3
chemistry,"""in recognition of his services in the advancement of organic chemistry and the chemical industry through his work on organic dyes and hydroaromatic compounds""",recognition services advancement organic chemistry chemical industry work organic dyes hydroaromatic compounds,4
literature,"""because of his outstanding merits as an epic writer""",outstanding merits epic writer,3
physics,"""for his work on cathode rays""",work cathode rays,0
peace,"""for her audacity to oppose the horrors of war""",audacity oppose horrors war,2
medicine,"""for his investigations and discoveries in relation to tuberculosis""",investigations discoveries relation tuberculosis,1
literature,"""not only in consideration of his deep learning and critical research but above all as a tribute to the creative energy freshness of style and lyrical force which characterize his poetic masterpieces""",consideration deep learning critical research tribute creative energy freshness style lyrical force characterize poetic masterpieces,3
peace,"""for his role in bringing to an end the bloody war recently waged between two of the world's great powers Japan and Russia""",role bringing end bloody war recently waged two worlds great powers Japan Russia,2
physics,"""in recognition of the great merits of his theoretical and experimental investigations on the conduction of electricity by gases""",recognition great merits theoretical experimental investigations conduction electricity gases,0
medicine,"""in recognition of their work on the structure of the nervous system""",recognition work structure nervous system,1
chemistry,"""in recognition of the great services rendered by him in his investigation and isolation of the element fluorine and for the adoption in the service of science of the electric furnace called after him""",recognition great services rendered investigation isolation element fluorine adoption service science electric furnace called,4
medicine,"""in recognition of their work on the structure of the nervous system""",recognition work structure nervous system,1
medicine,"""in recognition of his work on the role played by protozoa in causing diseases""",recognition work role played protozoa causing diseases,1
chemistry,"""for his biochemical researches and his discovery of cell-free fermentation""",biochemical researches discovery cellfree fermentation,4
literature,"""in consideration of the power of observation originality of imagination virility of ideas and remarkable talent for narration which characterize the creations of this world-famous author""",consideration power observation originality imagination virility ideas remarkable talent narration characterize creations worldfamous author,3
peace,"""for his decisive influence upon the conduct and outcome of the Hague and Geneva Conferences""",decisive influence upon conduct outcome Hague Geneva Conferences,2
peace,"""for his work in the press and in peace meetings both public and private for an understanding between France and Italy""",work press peace meetings public private understanding France Italy,2
physics,"""for his optical precision instruments and the spectroscopic and metrological investigations carried out with their aid""",optical precision instruments spectroscopic metrological investigations carried aid,0
chemistry,"""for his investigations into the disintegration of the elements and the chemistry of radioactive substances""",investigations disintegration elements chemistry radioactive substances,4
literature,"""in recognition of his earnest search for truth his penetrating power of thought his wide range of vision and the warmth and strength in presentation with which in his numerous works he has vindicated and developed an idealistic philosophy of life""",recognition earnest search truth penetrating power thought wide range vision warmth strength presentation numerous works vindicated developed idealistic philosophy life,3
peace,"""for their long time work for the cause of peace as politicians peace society leaders orators and authors""",long time work cause peace politicians peace society leaders orators authors,2
medicine,"""in recognition of their work on immunity""",recognition work immunity,1
medicine,"""in recognition of their work on immunity""",recognition work immunity,1
peace,"""for their long time work for the cause of peace as politicians peace society leaders orators and authors""",long time work cause peace politicians peace society leaders orators authors,2
physics,"""for his method of reproducing colours photographically based on the phenomenon of interference""",method reproducing colours photographically based phenomenon interference,0
physics,"""in recognition of their contributions to the development of wireless telegraphy""",recognition contributions development wireless telegraphy,0
medicine,"""for his work on the physiology pathology and surgery of the thyroid gland""",work physiology pathology surgery thyroid gland,1
literature,"""in appreciation of the lofty idealism vivid imagination and spiritual perception that characterize her writings""",appreciation lofty idealism vivid imagination spiritual perception characterize writings,3
chemistry,"""in recognition of his work on catalysis and for his investigations into the fundamental principles governing chemical equilibria and rates of reaction""",recognition work catalysis investigations fundamental principles governing chemical equilibria rates reaction,4
physics,"""in recognition of their contributions to the development of wireless telegraphy""",recognition contributions development wireless telegraphy,0
peace,"""for their prominent position in the international movement for peace and arbitration""",prominent position international movement peace arbitration,2
peace,"""for their prominent position in the international movement for peace and arbitration""",prominent position international movement peace arbitration,2
literature,"""as a tribute to the consummate artistry permeated with idealism which he has demonstrated during his long productive career as a lyric poet dramatist novelist and writer of world-renowned short stories""",tribute consummate artistry permeated idealism demonstrated long productive career lyric poet dramatist novelist writer worldrenowned short stories,3
peace,"""for acting as a link between the peace societies of the various countries and helping them to organize the world rallies of the international peace movement""",acting link peace societies various countries helping organize world rallies international peace movement,2
physics,"""for his work on the equation of state for gases and liquids""",work equation state gases liquids,0
medicine,"""in recognition of the contributions to our knowledge of cell chemistry made through his work on proteins including the nucleic substances""",recognition contributions knowledge cell chemistry made work proteins including nucleic substances,1
chemistry,"""in recognition of his services to organic chemistry and the chemical industry by his pioneer work in the field of alicyclic compounds""",recognition services organic chemistry chemical industry pioneer work field alicyclic compounds,4
peace,"""for his effort to expose and fight what he considers to be the main cause of war namely the anarchy in international relations""",effort expose fight considers main cause war namely anarchy international relations,2
peace,"""for his role as co-founder of the Institut de droit international initiator of the Conferences on International Private Law (Conférences de Droit international privé) at the Hague and pioneer in the field of international legal relations""",role cofounder Institut de droit international initiator Conferences International Private Law Conférences de Droit international privé Hague pioneer field international legal relations,2
physics,"""in recognition of the extraordinary services they have rendered by their joint researches on the radiation phenomena discovered by Professor Henri Becquerel""",recognition extraordinary services rendered joint researches radiation phenomena discovered Professor Henri Becquerel,0
chemistry,"""in recognition of her services to the advancement of chemistry by the discovery of the elements radium and polonium by the isolation of radium and the study of the nature and compounds of this remarkable element""",recognition services advancement chemistry discovery elements radium polonium isolation radium study nature compounds remarkable element,4
physics,"""for his discoveries regarding the laws governing the radiation of heat""",discoveries regarding laws governing radiation heat,0
literature,"""in appreciation of his many-sided literary activities and especially of his dramatic works which are distinguished by a wealth of imagination and by a poetic fancy which reveals sometimes in the guise of a fairy tale a deep inspiration while in a mysterious way they appeal to the readers' own feelings and stimulate their imaginations""",appreciation manysided literary activities especially dramatic works distinguished wealth imagination poetic fancy reveals sometimes guise fairy tale deep inspiration mysterious way appeal readers feelings stimulate imaginations,3
medicine,"""for his work on the dioptrics of the eye""",work dioptrics eye,1
literature,"""primarily in recognition of his fruitful varied and outstanding production in the realm of dramatic art""",primarily recognition fruitful varied outstanding production realm dramatic art,3
medicine,"""in recognition of his work on vascular suture and the transplantation of blood vessels and organs""",recognition work vascular suture transplantation blood vessels organs,1
chemistry,"""for his method of hydrogenating organic compounds in the presence of finely disintegrated metals whereby the progress of organic chemistry has been greatly advanced in recent years""",method hydrogenating organic compounds presence finely disintegrated metals whereby progress organic chemistry greatly advanced recent years,4
chemistry,"""for the discovery of the so-called Grignard reagent which in recent years has greatly advanced the progress of organic chemistry""",discovery socalled Grignard reagent recent years greatly advanced progress organic chemistry,4
physics,"""for his invention of automatic regulators for use in conjunction with gas accumulators for illuminating lighthouses and buoys""",invention automatic regulators use conjunction gas accumulators illuminating lighthouses buoys,0
peace,"""for bringing about better understanding between the countries of North and South America and initiating important arbitration agreements between the United States and other countries""",bringing better understanding countries North South America initiating important arbitration agreements United States countries,2
medicine,"""in recognition of his work on anaphylaxis""",recognition work anaphylaxis,1
chemistry,"""in recognition of his work on the linkage of atoms in molecules by which he has thrown new light on earlier investigations and opened up new fields of research especially in inorganic chemistry""",recognition work linkage atoms molecules thrown new light earlier investigations opened new fields research especially inorganic chemistry,4
peace,"""for his unparalleled contribution to the organization of peaceful internationalism""",unparalleled contribution organization peaceful internationalism,2
literature,"""because of his profoundly sensitive fresh and beautiful verse by which with consummate skill he has made his poetic thought expressed in his own English words a part of the literature of the West""",profoundly sensitive fresh beautiful verse consummate skill made poetic thought expressed English words part literature West,3
physics,"""for his investigations on the properties of matter at low temperatures which led inter alia to the production of liquid helium""",investigations properties matter low temperatures led inter alia production liquid helium,0
physics,"""for his discovery of the diffraction of X-rays by crystals""",discovery diffraction Xrays crystals,0
medicine,"""for his work on the physiology and pathology of the vestibular apparatus""",work physiology pathology vestibular apparatus,1
chemistry,"""in recognition of his accurate determinations of the atomic weight of a large number of chemical elements""",recognition accurate determinations atomic weight large number chemical elements,4
physics,"""for their services in the analysis of crystal structure by means of X-rays""",services analysis crystal structure means Xrays,0
physics,"""for their services in the analysis of crystal structure by means of X-rays""",services analysis crystal structure means Xrays,0
chemistry,"""for his researches on plant pigments especially chlorophyll""",researches plant pigments especially chlorophyll,4
literature,"""as a tribute to the lofty idealism of his literary production and to the sympathy and love of truth with which he has described different types of human beings""",tribute lofty idealism literary production sympathy love truth described different types human beings,3
literature,"""in recognition of his significance as the leading representative of a new era in our literature""",recognition significance leading representative new era literature,3
peace,"""for the efforts to take care of wounded soldiers and prisoners of war and their families""",efforts take care wounded soldiers prisoners war families,2
peace,"""for the great work it has performed during the war on behalf of humanity""",great work performed war behalf humanity,2
peace,"""for promoting the principles of the Geneva Convention and cooperation with the UN""",promoting principles Geneva Convention cooperation UN,2
physics,"""for his discovery of the characteristic R&ouml;ntgen radiation of the elements""",discovery characteristic Roumlntgen radiation elements,0
literature,"""for his varied and rich poetry which is inspired by lofty ideals""",varied rich poetry inspired lofty ideals,3
literature,"""for his authentic descriptions of present-day life in Denmark""",authentic descriptions presentday life Denmark,3
physics,"""in recognition of the services he rendered to the advancement of Physics by his discovery of energy quanta""",recognition services rendered advancement Physics discovery energy quanta,0
chemistry,"""for the synthesis of ammonia from its elements""",synthesis ammonia elements,4
peace,"""for his role as founder of the League of Nations""",role founder League Nations,2
medicine,"""for his discoveries relating to immunity""",discoveries relating immunity,1
physics,"""for his discovery of the Doppler effect in canal rays and the splitting of spectral lines in electric fields""",discovery Doppler effect canal rays splitting spectral lines electric fields,0
literature,"""in special appreciation of his epic <I>Olympian Spring</I>""",special appreciation epic IOlympian SpringI,3
physics,"""in recognition of the service he has rendered to precision measurements in Physics by his discovery of anomalies in nickel steel alloys""",recognition service rendered precision measurements Physics discovery anomalies nickel steel alloys,0
chemistry,"""in recognition of his work in thermochemistry""",recognition work thermochemistry,4
medicine,"""for his discovery of the capillary motor regulating mechanism""",discovery capillary motor regulating mechanism,1
peace,"""for his longstanding contribution to the cause of peace and justice and his prominent role in the establishment of the League of Nations""",longstanding contribution cause peace justice prominent role establishment League Nations,2
literature,"""for his monumental work <I>Growth of the Soil</I>""",monumental work IGrowth SoilI,3
literature,"""in recognition of his brilliant literary achievements characterized as they are by a nobility of style a profound human sympathy grace and a true Gallic temperament""",recognition brilliant literary achievements characterized nobility style profound human sympathy grace true Gallic temperament,3
peace,"""for their lifelong contributions to the cause of peace and organized internationalism""",lifelong contributions cause peace organized internationalism,2
physics,"""for his services to Theoretical Physics and especially for his discovery of the law of the photoelectric effect""",services Theoretical Physics especially discovery law photoelectric effect,0
chemistry,"""for his contributions to our knowledge of the chemistry of radioactive substances and his investigations into the origin and nature of isotopes""",contributions knowledge chemistry radioactive substances investigations origin nature isotopes,4
peace,"""for their lifelong contributions to the cause of peace and organized internationalism""",lifelong contributions cause peace organized internationalism,2
physics,"""for his services in the investigation of the structure of atoms and of the radiation emanating from them""",services investigation structure atoms radiation emanating,0
peace,"""for his leading role in the repatriation of prisoners of war in international relief work and as the League of Nations' High Commissioner for refugees""",leading role repatriation prisoners war international relief work League Nations High Commissioner refugees,2
chemistry,"""for his discovery by means of his mass spectrograph of isotopes in a large number of non-radioactive elements and for his enunciation of the whole-number rule""",discovery means mass spectrograph isotopes large number nonradioactive elements enunciation wholenumber rule,4
medicine,"""for his discovery of the fixed relationship between the consumption of oxygen and the metabolism of lactic acid in the muscle""",discovery fixed relationship consumption oxygen metabolism lactic acid muscle,1
literature,"""for the happy manner in which he has continued the illustrious traditions of the Spanish drama""",happy manner continued illustrious traditions Spanish drama,3
medicine,"""for his discovery relating to the production of heat in the muscle""",discovery relating production heat muscle,1
medicine,"""for the discovery of insulin""",discovery insulin,1
medicine,"""for the discovery of insulin""",discovery insulin,1
physics,"""for his work on the elementary charge of electricity and on the photoelectric effect""",work elementary charge electricity photoelectric effect,0
chemistry,"""for his invention of the method of micro-analysis of organic substances""",invention method microanalysis organic substances,4
literature,"""for his always inspired poetry which in a highly artistic form gives expression to the spirit of a whole nation""",always inspired poetry highly artistic form gives expression spirit whole nation,3
literature,"""for his great national epic <I>The Peasants</I>""",great national epic IThe PeasantsI,3
medicine,"""for his discovery of the mechanism of the electrocardiogram""",discovery mechanism electrocardiogram,1
physics,"""for his discoveries and research in the field of X-ray spectroscopy""",discoveries research field Xray spectroscopy,0
physics,"""for their discovery of the laws governing the impact of an electron upon an atom""",discovery laws governing impact electron upon atom,0
physics,"""for their discovery of the laws governing the impact of an electron upon an atom""",discovery laws governing impact electron upon atom,0
peace,"""for his crucial role in bringing about the Locarno Treaty""",crucial role bringing Locarno Treaty,2
peace,"""for his crucial role in bringing about the Dawes Plan""",crucial role bringing Dawes Plan,2
chemistry,"""for his demonstration of the heterogenous nature of colloid solutions and for the methods he used which have since become fundamental in modern colloid chemistry""",demonstration heterogenous nature colloid solutions methods used since become fundamental modern colloid chemistry,4
literature,"""for his work which is marked by both idealism and humanity its stimulating satire often being infused with a singular poetic beauty""",work marked idealism humanity stimulating satire often infused singular poetic beauty,3
peace,"""for their crucial role in bringing about the Locarno Treaty""",crucial role bringing Locarno Treaty,2
peace,"""for their crucial role in bringing about the Locarno Treaty""",crucial role bringing Locarno Treaty,2
literature,"""for her idealistically inspired writings which with plastic clarity picture the life on her native island and with depth and sympathy deal with human problems in general""",idealistically inspired writings plastic clarity picture life native island depth sympathy deal human problems general,3
medicine,"""for his discovery of the Spiroptera carcinoma""",discovery Spiroptera carcinoma,1
physics,"""for his work on the discontinuous structure of matter and especially for his discovery of sedimentation equilibrium""",work discontinuous structure matter especially discovery sedimentation equilibrium,0
chemistry,"""for his work on disperse systems""",work disperse systems,4
literature,"""in recognition of his rich and vitalizing ideas and the brilliant skill with which they have been presented""",recognition rich vitalizing ideas brilliant skill presented,3
peace,"""for their contribution to the emergence in France and Germany of a public opinion which favours peaceful international cooperation""",contribution emergence France Germany public opinion favours peaceful international cooperation,2
physics,"""for his discovery of the effect named after him""",discovery effect named,0
physics,"""for his method of making the paths of electrically charged particles visible by condensation of vapour""",method making paths electrically charged particles visible condensation vapour,0
medicine,"""for his discovery of the therapeutic value of malaria inoculation in the treatment of dementia paralytica""",discovery therapeutic value malaria inoculation treatment dementia paralytica,1
chemistry,"""for his investigations of the constitution of the bile acids and related substances""",investigations constitution bile acids related substances,4
peace,"""for their contribution to the emergence in France and Germany of a public opinion which favours peaceful international cooperation""",contribution emergence France Germany public opinion favours peaceful international cooperation,2
medicine,"""for his work on typhus""",work typhus,1
chemistry,"""for the services rendered through his research into the constitution of the sterols and their connection with the vitamins""",services rendered research constitution sterols connection vitamins,4
physics,"""for his work on the thermionic phenomenon and especially for the discovery of the law named after him""",work thermionic phenomenon especially discovery law named,0
literature,"""principally for her powerful descriptions of Northern life during the Middle Ages""",principally powerful descriptions Northern life Middle Ages,3
chemistry,"""for their investigations on the fermentation of sugar and fermentative enzymes""",investigations fermentation sugar fermentative enzymes,4
chemistry,"""for their investigations on the fermentation of sugar and fermentative enzymes""",investigations fermentation sugar fermentative enzymes,4
medicine,"""for his discovery of the antineuritic vitamin""",discovery antineuritic vitamin,1
physics,"""for his discovery of the wave nature of electrons""",discovery wave nature electrons,0
literature,"""principally for his great novel <I>Buddenbrooks</I> which has won steadily increased recognition as one of the classic works of contemporary literature""",principally great novel IBuddenbrooksI steadily increased recognition one classic works contemporary literature,3
medicine,"""for his discovery of the growth-stimulating vitamins""",discovery growthstimulating vitamins,1
peace,"""for his crucial role in bringing about the Briand-Kellogg Pact""",crucial role bringing BriandKellogg Pact,2
literature,"""for his vigorous and graphic art of description and his ability to create with wit and humour new types of characters""",vigorous graphic art description ability create wit humour new types characters,3
medicine,"""for his discovery of human blood groups""",discovery human blood groups,1
chemistry,"""for his researches into the constitution of haemin and chlorophyll and especially for his synthesis of haemin""",researches constitution haemin chlorophyll especially synthesis haemin,4
peace,"""for promoting Christian unity and helping create 'that new attitude of mind which is necessary if peace between nations is to become reality'""",promoting Christian unity helping create new attitude mind necessary peace nations become reality,2
physics,"""for his work on the scattering of light and for the discovery of the effect named after him""",work scattering light discovery effect named,0
medicine,"""for his discovery of the nature and mode of action of the respiratory enzyme""",discovery nature mode action respiratory enzyme,1
chemistry,"""in recognition of their contributions to the invention and development of chemical high pressure methods""",recognition contributions invention development chemical high pressure methods,4
chemistry,"""in recognition of their contributions to the invention and development of chemical high pressure methods""",recognition contributions invention development chemical high pressure methods,4
literature,"""The poetry of Erik Axel Karlfeldt""",poetry Erik Axel Karlfeldt,3
peace,"""for their assiduous effort to revive the ideal of peace and to rekindle the spirit of peace in their own nation and in the whole of mankind""",assiduous effort revive ideal peace rekindle spirit peace nation whole mankind,2
peace,"""for their assiduous effort to revive the ideal of peace and to rekindle the spirit of peace in their own nation and in the whole of mankind""",assiduous effort revive ideal peace rekindle spirit peace nation whole mankind,2
medicine,"""for their discoveries regarding the functions of neurons""",discoveries regarding functions neurons,1
medicine,"""for their discoveries regarding the functions of neurons""",discoveries regarding functions neurons,1
physics,"""for the creation of quantum mechanics the application of which has inter alia led to the discovery of the allotropic forms of hydrogen""",creation quantum mechanics application inter alia led discovery allotropic forms hydrogen,0
literature,"""for his distinguished art of narration which takes its highest form in <I>The Forsyte Saga</I>""",distinguished art narration takes highest form IThe Forsyte SagaI,3
chemistry,"""for his discoveries and investigations in surface chemistry""",discoveries investigations surface chemistry,4
physics,"""for the discovery of new productive forms of atomic theory""",discovery new productive forms atomic theory,0
physics,"""for the discovery of new productive forms of atomic theory""",discovery new productive forms atomic theory,0
peace,"""for having exposed by his pen the illusion of war and presented a convincing plea for international cooperation and peace""",exposed pen illusion war presented convincing plea international cooperation peace,2
medicine,"""for his discoveries concerning the role played by the chromosome in heredity""",discoveries concerning role played chromosome heredity,1
literature,"""for the strict artistry with which he has carried on the classical Russian traditions in prose writing""",strict artistry carried classical Russian traditions prose writing,3
medicine,"""for their discoveries concerning liver therapy in cases of anaemia""",discoveries concerning liver therapy cases anaemia,1
chemistry,"""for his discovery of heavy hydrogen""",discovery heavy hydrogen,4
literature,"""for his bold and ingenious revival of dramatic and scenic art""",bold ingenious revival dramatic scenic art,3
medicine,"""for their discoveries concerning liver therapy in cases of anaemia""",discoveries concerning liver therapy cases anaemia,1
medicine,"""for their discoveries concerning liver therapy in cases of anaemia""",discoveries concerning liver therapy cases anaemia,1
peace,"""for his untiring struggle and his courageous efforts as Chairman of the League of Nations Disarmament Conference 1931-34""",untiring struggle courageous efforts Chairman League Nations Disarmament Conference 193134,2
chemistry,"""in recognition of their synthesis of new radioactive elements""",recognition synthesis new radioactive elements,4
chemistry,"""in recognition of their synthesis of new radioactive elements""",recognition synthesis new radioactive elements,4
physics,"""for the discovery of the neutron""",discovery neutron,0
medicine,"""for his discovery of the organizer effect in embryonic development""",discovery organizer effect embryonic development,1
peace,"""for his burning love for freedom of thought and expression and his valuable contribution to the cause of peace""",burning love freedom thought expression valuable contribution cause peace,2
chemistry,"""for his contributions to our knowledge of molecular structure through his investigations on dipole moments and on the diffraction of X-rays and electrons in gases""",contributions knowledge molecular structure investigations dipole moments diffraction Xrays electrons gases,4
medicine,"""for their discoveries relating to chemical transmission of nerve impulses""",discoveries relating chemical transmission nerve impulses,1
physics,"""for his discovery of cosmic radiation""",discovery cosmic radiation,0
medicine,"""for their discoveries relating to chemical transmission of nerve impulses""",discoveries relating chemical transmission nerve impulses,1
physics,"""for his discovery of the positron""",discovery positron,0
peace,"""for his role as father of the Argentine Antiwar Pact of 1933 which he also used as a means to mediate peace between Paraguay and Bolivia in 1935""",role father Argentine Antiwar Pact 1933 also used means mediate peace Paraguay Bolivia 1935,2
literature,"""for the power honesty and deep-felt emotions of his dramatic works which embody an original concept of tragedy""",power honesty deepfelt emotions dramatic works embody original concept tragedy,3
physics,"""for their experimental discovery of the diffraction of electrons by crystals""",experimental discovery diffraction electrons crystals,0
medicine,"""for his discoveries in connection with the biological combustion processes with special reference to vitamin C and the catalysis of fumaric acid""",discoveries connection biological combustion processes special reference vitamin C catalysis fumaric acid,1
chemistry,"""for his investigations on carbohydrates and vitamin C""",investigations carbohydrates vitamin C,4
physics,"""for their experimental discovery of the diffraction of electrons by crystals""",experimental discovery diffraction electrons crystals,0
peace,"""for his tireless effort in support of the League of Nations disarmament and peace""",tireless effort support League Nations disarmament peace,2
literature,"""for the artistic power and truth with which he has depicted human conflict as well as some fundamental aspects of contemporary life in his novel-cycle <I>Les Thibault</I>""",artistic power truth depicted human conflict well fundamental aspects contemporary life novelcycle ILes ThibaultI,3
chemistry,"""for his investigations on carotenoids flavins and vitamins A and B2""",investigations carotenoids flavins vitamins B2,4
physics,"""for his demonstrations of the existence of new radioactive elements produced by neutron irradiation and for his related discovery of nuclear reactions brought about by slow neutrons""",demonstrations existence new radioactive elements produced neutron irradiation related discovery nuclear reactions brought slow neutrons,0
chemistry,"""for his work on carotenoids and vitamins""",work carotenoids vitamins,4
medicine,"""for the discovery of the role played by the sinus and aortic mechanisms in the regulation of respiration""",discovery role played sinus aortic mechanisms regulation respiration,1
peace,"""for having carried on the work of Fridtjof Nansen to the benefit of refugees across Europe""",carried work Fridtjof Nansen benefit refugees across Europe,2
literature,"""for her rich and truly epic descriptions of peasant life in China and for her biographical masterpieces""",rich truly epic descriptions peasant life China biographical masterpieces,3
medicine,"""for the discovery of the antibacterial effects of prontosil""",discovery antibacterial effects prontosil,1
physics,"""for the invention and development of the cyclotron and for results obtained with it especially with regard to artificial radioactive elements""",invention development cyclotron results obtained especially regard artificial radioactive elements,0
chemistry,"""for his work on polymethylenes and higher terpenes""",work polymethylenes higher terpenes,4
chemistry,"""for his work on sex hormones""",work sex hormones,4
literature,"""for his deep understanding of his country's peasantry and the exquisite art with which he has portrayed their way of life and their relationship with Nature""",deep understanding countrys peasantry exquisite art portrayed way life relationship Nature,3
medicine,"""for his discovery of vitamin K""",discovery vitamin K,1
medicine,"""for his discovery of the chemical nature of vitamin K""",discovery chemical nature vitamin K,1
chemistry,"""for his work on the use of isotopes as tracers in the study of chemical processes""",work use isotopes tracers study chemical processes,4
physics,"""for his contribution to the development of the molecular ray method and his discovery of the magnetic moment of the proton""",contribution development molecular ray method discovery magnetic moment proton,0
medicine,"""for their discoveries relating to the highly differentiated functions of single nerve fibres""",discoveries relating highly differentiated functions single nerve fibres,1
literature,"""for the rare strength and fertility of his poetic imagination with which is combined an intellectual curiosity of wide scope and a bold freshly creative style""",rare strength fertility poetic imagination combined intellectual curiosity wide scope bold freshly creative style,3
medicine,"""for their discoveries relating to the highly differentiated functions of single nerve fibres""",discoveries relating highly differentiated functions single nerve fibres,1
chemistry,"""for his discovery of the fission of heavy nuclei""",discovery fission heavy nuclei,4
peace,"""for the efforts to take care of wounded soldiers and prisoners of war and their families""",efforts take care wounded soldiers prisoners war families,2
peace,"""for the great work it has performed during the war on behalf of humanity""",great work performed war behalf humanity,2
peace,"""for promoting the principles of the Geneva Convention and cooperation with the UN""",promoting principles Geneva Convention cooperation UN,2
physics,"""for his resonance method for recording the magnetic properties of atomic nuclei""",resonance method recording magnetic properties atomic nuclei,0
physics,"""for the discovery of the Exclusion Principle also called the Pauli Principle""",discovery Exclusion Principle also called Pauli Principle,0
literature,"""for her lyric poetry which inspired by powerful emotions has made her name a symbol of the idealistic aspirations of the entire Latin American world""",lyric poetry inspired powerful emotions made name symbol idealistic aspirations entire Latin American world,3
chemistry,"""for his research and inventions in agricultural and nutrition chemistry especially for his fodder preservation method""",research inventions agricultural nutrition chemistry especially fodder preservation method,4
peace,"""for his indefatigable work for international understanding and his pivotal role in establishing the United Nations""",indefatigable work international understanding pivotal role establishing United Nations,2
medicine,"""for the discovery of penicillin and its curative effect in various infectious diseases""",discovery penicillin curative effect various infectious diseases,1
medicine,"""for the discovery of penicillin and its curative effect in various infectious diseases""",discovery penicillin curative effect various infectious diseases,1
medicine,"""for the discovery of penicillin and its curative effect in various infectious diseases""",discovery penicillin curative effect various infectious diseases,1
peace,"""for his contribution to the creation of a peace-promoting religious brotherhood across national boundaries""",contribution creation peacepromoting religious brotherhood across national boundaries,2
physics,"""for the invention of an apparatus to produce extremely high pressures and for the discoveries he made therewith in the field of high pressure physics""",invention apparatus produce extremely high pressures discoveries made therewith field high pressure physics,0
chemistry,"""for his discovery that enzymes can be crystallized""",discovery enzymes crystallized,4
chemistry,"""for their preparation of enzymes and virus proteins in a pure form""",preparation enzymes virus proteins pure form,4
chemistry,"""for their preparation of enzymes and virus proteins in a pure form""",preparation enzymes virus proteins pure form,4
medicine,"""for the discovery of the production of mutations by means of X-ray irradiation""",discovery production mutations means Xray irradiation,1
peace,"""for her lifelong work for the cause of peace""",lifelong work cause peace,2
literature,"""for his inspired writings which while growing in boldness and penetration exemplify the classical humanitarian ideals and high qualities of style""",inspired writings growing boldness penetration exemplify classical humanitarian ideals high qualities style,3
medicine,"""for their discovery of the course of the catalytic conversion of glycogen""",discovery course catalytic conversion glycogen,1
medicine,"""for his discovery of the part played by the hormone of the anterior pituitary lobe in the metabolism of sugar""",discovery part played hormone anterior pituitary lobe metabolism sugar,1
physics,"""for his investigations of the physics of the upper atmosphere especially for the discovery of the so-called Appleton layer""",investigations physics upper atmosphere especially discovery socalled Appleton layer,0
literature,"""for his comprehensive and artistically significant writings in which human problems and conditions have been presented with a fearless love of truth and keen psychological insight""",comprehensive artistically significant writings human problems conditions presented fearless love truth keen psychological insight,3
chemistry,"""for his investigations on plant products of biological importance especially the alkaloids""",investigations plant products biological importance especially alkaloids,4
peace,"""for their pioneering work in the international peace movement and compassionate effort to relieve human suffering thereby promoting the fraternity between nations""",pioneering work international peace movement compassionate effort relieve human suffering thereby promoting fraternity nations,2
peace,"""for their pioneering work in the international peace movement and compassionate effort to relieve human suffering thereby promoting the fraternity between nations""",pioneering work international peace movement compassionate effort relieve human suffering thereby promoting fraternity nations,2
medicine,"""for their discovery of the course of the catalytic conversion of glycogen""",discovery course catalytic conversion glycogen,1
medicine,"""for his discovery of the high efficiency of DDT as a contact poison against several arthropods""",discovery high efficiency DDT contact poison several arthropods,1
literature,"""for his outstanding pioneer contribution to present-day poetry""",outstanding pioneer contribution presentday poetry,3
chemistry,"""for his research on electrophoresis and adsorption analysis especially for his discoveries concerning the complex nature of the serum proteins""",research electrophoresis adsorption analysis especially discoveries concerning complex nature serum proteins,4
physics,"""for his development of the Wilson cloud chamber method and his discoveries therewith in the fields of nuclear physics and cosmic radiation""",development Wilson cloud chamber method discoveries therewith fields nuclear physics cosmic radiation,0
medicine,"""for his discovery of the therapeutic value of leucotomy in certain psychoses""",discovery therapeutic value leucotomy certain psychoses,1
chemistry,"""for his contributions in the field of chemical thermodynamics particularly concerning the behaviour of substances at extremely low temperatures""",contributions field chemical thermodynamics particularly concerning behaviour substances extremely low temperatures,4
medicine,"""for his discovery of the functional organization of the interbrain as a coordinator of the activities of the internal organs""",discovery functional organization interbrain coordinator activities internal organs,1
literature,"""for his powerful and artistically unique contribution to the modern American novel""",powerful artistically unique contribution modern American novel,3
peace,"""for his lifelong effort to conquer hunger and want thereby helping to remove a major cause of military conflict and war""",lifelong effort conquer hunger want thereby helping remove major cause military conflict war,2
physics,"""for his prediction of the existence of mesons on the basis of theoretical work on nuclear forces""",prediction existence mesons basis theoretical work nuclear forces,0
literature,"""in recognition of his varied and significant writings in which he champions humanitarian ideals and freedom of thought""",recognition varied significant writings champions humanitarian ideals freedom thought,3
peace,"""for his work as mediator in Palestine in 1948-1949""",work mediator Palestine 19481949,2
medicine,"""for their discoveries relating to the hormones of the adrenal cortex their structure and biological effects""",discoveries relating hormones adrenal cortex structure biological effects,1
medicine,"""for their discoveries relating to the hormones of the adrenal cortex their structure and biological effects""",discoveries relating hormones adrenal cortex structure biological effects,1
medicine,"""for their discoveries relating to the hormones of the adrenal cortex their structure and biological effects""",discoveries relating hormones adrenal cortex structure biological effects,1
chemistry,"""for their discovery and development of the diene synthesis""",discovery development diene synthesis,4
physics,"""for his development of the photographic method of studying nuclear processes and his discoveries regarding mesons made with this method""",development photographic method studying nuclear processes discoveries regarding mesons made method,0
chemistry,"""for their discovery and development of the diene synthesis""",discovery development diene synthesis,4
peace,"""for having devoted his life to the fight against war through the promotion of social justice and brotherhood among men and nations""",devoted life fight war promotion social justice brotherhood among men nations,2
literature,"""for the artistic vigour and true independence of mind with which he endeavours in his poetry to find answers to the eternal questions confronting mankind""",artistic vigour true independence mind endeavours poetry find answers eternal questions confronting mankind,3
physics,"""for their pioneer work on the transmutation of atomic nuclei by artificially accelerated atomic particles""",pioneer work transmutation atomic nuclei artificially accelerated atomic particles,0
physics,"""for their pioneer work on the transmutation of atomic nuclei by artificially accelerated atomic particles""",pioneer work transmutation atomic nuclei artificially accelerated atomic particles,0
chemistry,"""for their discoveries in the chemistry of the transuranium elements""",discoveries chemistry transuranium elements,4
medicine,"""for his discoveries concerning yellow fever and how to combat it""",discoveries concerning yellow fever combat,1
chemistry,"""for their discoveries in the chemistry of the transuranium elements""",discoveries chemistry transuranium elements,4
physics,"""for their development of new methods for nuclear magnetic precision measurements and discoveries in connection therewith""",development new methods nuclear magnetic precision measurements discoveries connection therewith,0
chemistry,"""for their invention of partition chromatography""",invention partition chromatography,4
peace,"""for his altruism reverence for life and tireless humanitarian work which has helped making the idea of brotherhood between men and nations a living one""",altruism reverence life tireless humanitarian work helped making idea brotherhood men nations living one,2
medicine,"""for his discovery of streptomycin the first antibiotic effective against tuberculosis""",discovery streptomycin first antibiotic effective tuberculosis,1
chemistry,"""for their invention of partition chromatography""",invention partition chromatography,4
physics,"""for their development of new methods for nuclear magnetic precision measurements and discoveries in connection therewith""",development new methods nuclear magnetic precision measurements discoveries connection therewith,0
literature,"""for the deep spiritual insight and the artistic intensity with which he has in his novels penetrated the drama of human life""",deep spiritual insight artistic intensity novels penetrated drama human life,3
peace,"""for proposing and supervising the plan for the economic recovery of Europe""",proposing supervising plan economic recovery Europe,2
medicine,"""for his discovery of the citric acid cycle""",discovery citric acid cycle,1
medicine,"""for his discovery of co-enzyme A and its importance for intermediary metabolism""",discovery coenzyme importance intermediary metabolism,1
physics,"""for his demonstration of the phase contrast method especially for his invention of the phase contrast microscope""",demonstration phase contrast method especially invention phase contrast microscope,0
chemistry,"""for his discoveries in the field of macromolecular chemistry""",discoveries field macromolecular chemistry,4
literature,"""for his mastery of historical and biographical description as well as for brilliant oratory in defending exalted human values""",mastery historical biographical description well brilliant oratory defending exalted human values,3
medicine,"""for their discovery of the ability of poliomyelitis viruses to grow in cultures of various types of tissue""",discovery ability poliomyelitis viruses grow cultures various types tissue,1
medicine,"""for their discovery of the ability of poliomyelitis viruses to grow in cultures of various types of tissue""",discovery ability poliomyelitis viruses grow cultures various types tissue,1
medicine,"""for their discovery of the ability of poliomyelitis viruses to grow in cultures of various types of tissue""",discovery ability poliomyelitis viruses grow cultures various types tissue,1
chemistry,"""for his research into the nature of the chemical bond and its application to the elucidation of the structure of complex substances""",research nature chemical bond application elucidation structure complex substances,4
peace,"""for his fight against the nuclear arms race between East and West""",fight nuclear arms race East West,2
physics,"""for his fundamental research in quantum mechanics especially for his statistical interpretation of the wavefunction""",fundamental research quantum mechanics especially statistical interpretation wavefunction,0
physics,"""for the coincidence method and his discoveries made therewith""",coincidence method discoveries made therewith,0
literature,"""for his mastery of the art of narrative most recently demonstrated in <I>The Old Man and the Sea</I> and for the influence that he has exerted on contemporary style""",mastery art narrative recently demonstrated IThe Old Man SeaI influence exerted contemporary style,3
peace,"""for its efforts to heal the wounds of war by providing help and protection to refugees all over the world""",efforts heal wounds war providing help protection refugees world,2
peace,"""for promoting the fundamental rights of refugees""",promoting fundamental rights refugees,2
literature,"""for his vivid epic power which has renewed the great narrative art of Iceland""",vivid epic power renewed great narrative art Iceland,3
physics,"""for his precision determination of the magnetic moment of the electron""",precision determination magnetic moment electron,0
physics,"""for his discoveries concerning the fine structure of the hydrogen spectrum""",discoveries concerning fine structure hydrogen spectrum,0
medicine,"""for his discoveries concerning the nature and mode of action of oxidation enzymes""",discoveries concerning nature mode action oxidation enzymes,1
chemistry,"""for his work on biochemically important sulphur compounds especially for the first synthesis of a polypeptide hormone""",work biochemically important sulphur compounds especially first synthesis polypeptide hormone,4
medicine,"""for their discoveries concerning heart catheterization and pathological changes in the circulatory system""",discoveries concerning heart catheterization pathological changes circulatory system,1
medicine,"""for their discoveries concerning heart catheterization and pathological changes in the circulatory system""",discoveries concerning heart catheterization pathological changes circulatory system,1
physics,"""for their researches on semiconductors and their discovery of the transistor effect""",researches semiconductors discovery transistor effect,0
chemistry,"""for their researches into the mechanism of chemical reactions""",researches mechanism chemical reactions,4
chemistry,"""for their researches into the mechanism of chemical reactions""",researches mechanism chemical reactions,4
physics,"""for their researches on semiconductors and their discovery of the transistor effect""",researches semiconductors discovery transistor effect,0
physics,"""for their jointly developed theory of superconductivity usually called the BCS-theory""",jointly developed theory superconductivity usually called BCStheory,0
physics,"""for their researches on semiconductors and their discovery of the transistor effect""",researches semiconductors discovery transistor effect,0
medicine,"""for their discoveries concerning heart catheterization and pathological changes in the circulatory system""",discoveries concerning heart catheterization pathological changes circulatory system,1
literature,"""for his lyrical poetry which in Spanish language constitutes an example of high spirit and artistical purity""",lyrical poetry Spanish language constitutes example high spirit artistical purity,3
physics,"""for their penetrating investigation of the so-called parity laws which has led to important discoveries regarding the elementary particles""",penetrating investigation socalled parity laws led important discoveries regarding elementary particles,0
peace,"""for his crucial contribution to the deployment of a United Nations Emergency Force in the wake of the Suez Crisis""",crucial contribution deployment United Nations Emergency Force wake Suez Crisis,2
chemistry,"""for his work on nucleotides and nucleotide co-enzymes""",work nucleotides nucleotide coenzymes,4
physics,"""for their penetrating investigation of the so-called parity laws which has led to important discoveries regarding the elementary particles""",penetrating investigation socalled parity laws led important discoveries regarding elementary particles,0
literature,"""for his important literary production which with clear-sighted earnestness illuminates the problems of the human conscience in our times""",important literary production clearsighted earnestness illuminates problems human conscience times,3
medicine,"""for his discoveries relating to synthetic compounds that inhibit the action of certain body substances and especially their action on the vascular system and the skeletal muscles""",discoveries relating synthetic compounds inhibit action certain body substances especially action vascular system skeletal muscles,1
chemistry,"""for his work on the structure of proteins especially that of insulin""",work structure proteins especially insulin,4
chemistry,"""for their contributions concerning the determination of base sequences in nucleic acids""",contributions concerning determination base sequences nucleic acids,4
peace,"""for his efforts to help refugees to leave their camps and return to a life of freedom and dignity""",efforts help refugees leave camps return life freedom dignity,2
medicine,"""for their discovery that genes act by regulating definite chemical events""",discovery genes act regulating definite chemical events,1
medicine,"""for his discoveries concerning genetic recombination and the organization of the genetic material of bacteria""",discoveries concerning genetic recombination organization genetic material bacteria,1
literature,"""for his important achievement both in contemporary lyrical poetry and in the field of the great Russian epic tradition""",important achievement contemporary lyrical poetry field great Russian epic tradition,3
physics,"""for the discovery and the interpretation of the Cherenkov effect""",discovery interpretation Cherenkov effect,0
physics,"""for the discovery and the interpretation of the Cherenkov effect""",discovery interpretation Cherenkov effect,0
physics,"""for the discovery and the interpretation of the Cherenkov effect""",discovery interpretation Cherenkov effect,0
medicine,"""for their discovery that genes act by regulating definite chemical events""",discovery genes act regulating definite chemical events,1
medicine,"""for their discovery of the mechanisms in the biological synthesis of ribonucleic acid and deoxyribonucleic acid""",discovery mechanisms biological synthesis ribonucleic acid deoxyribonucleic acid,1
chemistry,"""for his discovery and development of the polarographic methods of analysis""",discovery development polarographic methods analysis,4
physics,"""for their discovery of the antiproton""",discovery antiproton,0
physics,"""for their discovery of the antiproton""",discovery antiproton,0
medicine,"""for their discovery of the mechanisms in the biological synthesis of ribonucleic acid and deoxyribonucleic acid""",discovery mechanisms biological synthesis ribonucleic acid deoxyribonucleic acid,1
peace,"""for his longstanding contribution to the cause of disarmament and peace""",longstanding contribution cause disarmament peace,2
literature,"""for his lyrical poetry which with classical fire expresses the tragic experience of life in our own times""",lyrical poetry classical fire expresses tragic experience life times,3
medicine,"""for discovery of acquired immunological tolerance""",discovery acquired immunological tolerance,1
physics,"""for the invention of the bubble chamber""",invention bubble chamber,0
medicine,"""for discovery of acquired immunological tolerance""",discovery acquired immunological tolerance,1
literature,"""for the soaring flight and the evocative imagery of his poetry which in a visionary fashion reflects the conditions of our time""",soaring flight evocative imagery poetry visionary fashion reflects conditions time,3
peace,"""for his non-violent struggle against apartheid""",nonviolent struggle apartheid,2
chemistry,"""for his method to use carbon-14 for age determination in archaeology geology geophysics and other branches of science""",method use carbon14 age determination archaeology geology geophysics branches science,4
physics,"""for his researches concerning the resonance absorption of gamma radiation and his discovery in this connection of the effect which bears his name""",researches concerning resonance absorption gamma radiation discovery connection effect bears name,0
peace,"""for developing the UN into an effective and constructive international organization capable of giving life to the principles and aims expressed in the UN Charter""",developing UN effective constructive international organization capable giving life principles aims expressed UN Charter,2
medicine,"""for his discoveries of the physical mechanism of stimulation within the cochlea""",discoveries physical mechanism stimulation within cochlea,1
literature,"""for the epic force with which he has traced themes and depicted human destinies drawn from the history of his country""",epic force traced themes depicted human destinies drawn history country,3
chemistry,"""for his research on the carbon dioxide assimilation in plants""",research carbon dioxide assimilation plants,4
physics,"""for his pioneering studies of electron scattering in atomic nuclei and for his thereby achieved discoveries concerning the structure of the nucleons""",pioneering studies electron scattering atomic nuclei thereby achieved discoveries concerning structure nucleons,0
medicine,"""for their discoveries concerning the molecular structure of nucleic acids and its significance for information transfer in living material""",discoveries concerning molecular structure nucleic acids significance information transfer living material,1
medicine,"""for their discoveries concerning the molecular structure of nucleic acids and its significance for information transfer in living material""",discoveries concerning molecular structure nucleic acids significance information transfer living material,1
medicine,"""for their discoveries concerning the molecular structure of nucleic acids and its significance for information transfer in living material""",discoveries concerning molecular structure nucleic acids significance information transfer living material,1
chemistry,"""for his research into the nature of the chemical bond and its application to the elucidation of the structure of complex substances""",research nature chemical bond application elucidation structure complex substances,4
peace,"""for his fight against the nuclear arms race between East and West""",fight nuclear arms race East West,2
chemistry,"""for their studies of the structures of globular proteins""",studies structures globular proteins,4
chemistry,"""for their studies of the structures of globular proteins""",studies structures globular proteins,4
physics,"""for his pioneering theories for condensed matter especially liquid helium""",pioneering theories condensed matter especially liquid helium,0
literature,"""for his realistic and imaginative writings combining as they do sympathetic humour and keen social perception""",realistic imaginative writings combining sympathetic humour keen social perception,3
medicine,"""for their discoveries concerning the ionic mechanisms involved in excitation and inhibition in the peripheral and central portions of the nerve cell membrane""",discoveries concerning ionic mechanisms involved excitation inhibition peripheral central portions nerve cell membrane,1
medicine,"""for their discoveries concerning the ionic mechanisms involved in excitation and inhibition in the peripheral and central portions of the nerve cell membrane""",discoveries concerning ionic mechanisms involved excitation inhibition peripheral central portions nerve cell membrane,1
medicine,"""for their discoveries concerning the ionic mechanisms involved in excitation and inhibition in the peripheral and central portions of the nerve cell membrane""",discoveries concerning ionic mechanisms involved excitation inhibition peripheral central portions nerve cell membrane,1
physics,"""for their discoveries concerning nuclear shell structure""",discoveries concerning nuclear shell structure,0
physics,"""for his contributions to the theory of the atomic nucleus and the elementary particles particularly through the discovery and application of fundamental symmetry principles""",contributions theory atomic nucleus elementary particles particularly discovery application fundamental symmetry principles,0
peace,"""for the efforts to take care of wounded soldiers and prisoners of war and their families""",efforts take care wounded soldiers prisoners war families,2
peace,"""for the great work it has performed during the war on behalf of humanity""",great work performed war behalf humanity,2
peace,"""for promoting the principles of the Geneva Convention and cooperation with the UN""",promoting principles Geneva Convention cooperation UN,2
peace,"""for promoting the principles of the Geneva Convention and cooperation with the UN""",promoting principles Geneva Convention cooperation UN,2
literature,"""for his eminent lyrical writing inspired by a deep feeling for the Hellenic world of culture""",eminent lyrical writing inspired deep feeling Hellenic world culture,3
physics,"""for their discoveries concerning nuclear shell structure""",discoveries concerning nuclear shell structure,0
chemistry,"""for their discoveries in the field of the chemistry and technology of high polymers""",discoveries field chemistry technology high polymers,4
chemistry,"""for their discoveries in the field of the chemistry and technology of high polymers""",discoveries field chemistry technology high polymers,4
physics,"""for fundamental work in the field of quantum electronics which has led to the construction of oscillators and amplifiers based on the maser-laser principle""",fundamental work field quantum electronics led construction oscillators amplifiers based maserlaser principle,0
literature,"""for his work which rich in ideas and filled with the spirit of freedom and the quest for truth has exerted a far-reaching influence on our age""",work rich ideas filled spirit freedom quest truth exerted farreaching influence age,3
peace,"""for his non-violent struggle for civil rights for the Afro-American population""",nonviolent struggle civil rights AfroAmerican population,2
physics,"""for fundamental work in the field of quantum electronics which has led to the construction of oscillators and amplifiers based on the maser-laser principle""",fundamental work field quantum electronics led construction oscillators amplifiers based maserlaser principle,0
medicine,"""for their discoveries concerning the mechanism and regulation of the cholesterol and fatty acid metabolism""",discoveries concerning mechanism regulation cholesterol fatty acid metabolism,1
physics,"""for fundamental work in the field of quantum electronics which has led to the construction of oscillators and amplifiers based on the maser-laser principle""",fundamental work field quantum electronics led construction oscillators amplifiers based maserlaser principle,0
medicine,"""for their discoveries concerning the mechanism and regulation of the cholesterol and fatty acid metabolism""",discoveries concerning mechanism regulation cholesterol fatty acid metabolism,1
chemistry,"""for her determinations by X-ray techniques of the structures of important biochemical substances""",determinations Xray techniques structures important biochemical substances,4
chemistry,"""for his outstanding achievements in the art of organic synthesis""",outstanding achievements art organic synthesis,4
medicine,"""for their discoveries concerning genetic control of enzyme and virus synthesis""",discoveries concerning genetic control enzyme virus synthesis,1
medicine,"""for their discoveries concerning genetic control of enzyme and virus synthesis""",discoveries concerning genetic control enzyme virus synthesis,1
medicine,"""for their discoveries concerning genetic control of enzyme and virus synthesis""",discoveries concerning genetic control enzyme virus synthesis,1
peace,"""for its effort to enhance solidarity between nations and reduce the difference between rich and poor states""",effort enhance solidarity nations reduce difference rich poor states,2
physics,"""for their fundamental work in quantum electrodynamics with deep-ploughing consequences for the physics of elementary particles""",fundamental work quantum electrodynamics deepploughing consequences physics elementary particles,0
literature,"""for the artistic power and integrity with which in his epic of the Don he has given expression to a historic phase in the life of the Russian people""",artistic power integrity epic given expression historic phase life Russian people,3
physics,"""for their fundamental work in quantum electrodynamics with deep-ploughing consequences for the physics of elementary particles""",fundamental work quantum electrodynamics deepploughing consequences physics elementary particles,0
physics,"""for their fundamental work in quantum electrodynamics with deep-ploughing consequences for the physics of elementary particles""",fundamental work quantum electrodynamics deepploughing consequences physics elementary particles,0
medicine,"""for his discoveries concerning hormonal treatment of prostatic cancer""",discoveries concerning hormonal treatment prostatic cancer,1
literature,"""for his profoundly characteristic narrative art with motifs from the life of the Jewish people""",profoundly characteristic narrative art motifs life Jewish people,3
chemistry,"""for his fundamental work concerning chemical bonds and the electronic structure of molecules by the molecular orbital method""",fundamental work concerning chemical bonds electronic structure molecules molecular orbital method,4
medicine,"""for his discovery of tumour-inducing viruses""",discovery tumourinducing viruses,1
literature,"""for her outstanding lyrical and dramatic writing which interprets Israel's destiny with touching strength""",outstanding lyrical dramatic writing interprets Israels destiny touching strength,3
physics,"""for the discovery and development of optical methods for studying Hertzian resonances in atoms""",discovery development optical methods studying Hertzian resonances atoms,0
medicine,"""for their discoveries concerning the primary physiological and chemical visual processes in the eye""",discoveries concerning primary physiological chemical visual processes eye,1
medicine,"""for their discoveries concerning the primary physiological and chemical visual processes in the eye""",discoveries concerning primary physiological chemical visual processes eye,1
chemistry,"""for their studies of extremely fast chemical reactions effected by disturbing the equilibrium by means of very short pulses of energy""",studies extremely fast chemical reactions effected disturbing equilibrium means short pulses energy,4
literature,"""for his vivid literary achievement deep-rooted in the national traits and traditions of Indian peoples of Latin America""",vivid literary achievement deeprooted national traits traditions Indian peoples Latin America,3
chemistry,"""for their studies of extremely fast chemical reactions effected by disturbing the equilibrium by means of very short pulses of energy""",studies extremely fast chemical reactions effected disturbing equilibrium means short pulses energy,4
chemistry,"""for their studies of extremely fast chemical reactions effected by disturbing the equilibrium by means of very short pulses of energy""",studies extremely fast chemical reactions effected disturbing equilibrium means short pulses energy,4
medicine,"""for their discoveries concerning the primary physiological and chemical visual processes in the eye""",discoveries concerning primary physiological chemical visual processes eye,1
physics,"""for his contributions to the theory of nuclear reactions especially his discoveries concerning the energy production in stars""",contributions theory nuclear reactions especially discoveries concerning energy production stars,0
medicine,"""for their interpretation of the genetic code and its function in protein synthesis""",interpretation genetic code function protein synthesis,1
medicine,"""for their interpretation of the genetic code and its function in protein synthesis""",interpretation genetic code function protein synthesis,1
chemistry,"""for the discovery of the reciprocal relations bearing his name which are fundamental for the thermodynamics of irreversible processes""",discovery reciprocal relations bearing name fundamental thermodynamics irreversible processes,4
peace,"""for his struggle to ensure the rights of man as stipulated in the UN Declaration""",struggle ensure rights man stipulated UN Declaration,2
medicine,"""for their interpretation of the genetic code and its function in protein synthesis""",interpretation genetic code function protein synthesis,1
physics,"""for his decisive contributions to elementary particle physics in particular the discovery of a large number of resonance states made possible through his development of the technique of using hydrogen bubble chamber and data analysis""",decisive contributions elementary particle physics particular discovery large number resonance states made possible development technique using hydrogen bubble chamber data analysis,0
literature,"""for his narrative mastery which with great sensibility expresses the essence of the Japanese mind""",narrative mastery great sensibility expresses essence Japanese mind,3
chemistry,"""for their contributions to the development of the concept of conformation and its application in chemistry""",contributions development concept conformation application chemistry,4
literature,"""for his writing which - in new forms for the novel and drama - in the destitution of modern man acquires its elevation""",writing new forms novel drama destitution modern man acquires elevation,3
economics,"""for having developed and applied dynamic models for the analysis of economic processes""",developed applied dynamic models analysis economic processes,5
physics,"""for his contributions and discoveries concerning the classification of elementary particles and their interactions""",contributions discoveries concerning classification elementary particles interactions,0
economics,"""for having developed and applied dynamic models for the analysis of economic processes""",developed applied dynamic models analysis economic processes,5
peace,"""for creating international legislation insuring certain norms for working conditions in every country""",creating international legislation insuring certain norms working conditions every country,2
medicine,"""for their discoveries concerning the replication mechanism and the genetic structure of viruses""",discoveries concerning replication mechanism genetic structure viruses,1
medicine,"""for their discoveries concerning the replication mechanism and the genetic structure of viruses""",discoveries concerning replication mechanism genetic structure viruses,1
medicine,"""for their discoveries concerning the replication mechanism and the genetic structure of viruses""",discoveries concerning replication mechanism genetic structure viruses,1
chemistry,"""for their contributions to the development of the concept of conformation and its application in chemistry""",contributions development concept conformation application chemistry,4
physics,"""for fundamental work and discoveries in magnetohydro-dynamics with fruitful applications in different parts of plasma physics""",fundamental work discoveries magnetohydrodynamics fruitful applications different parts plasma physics,0
physics,"""for fundamental work and discoveries concerning antiferromagnetism and ferrimagnetism which have led to important applications in solid state physics""",fundamental work discoveries concerning antiferromagnetism ferrimagnetism led important applications solid state physics,0
peace,"""for having given a well-founded hope - the green revolution""",given wellfounded hope green revolution,2
chemistry,"""for his discovery of sugar nucleotides and their role in the biosynthesis of carbohydrates""",discovery sugar nucleotides role biosynthesis carbohydrates,4
literature,"""for the ethical force with which he has pursued the indispensable traditions of Russian literature""",ethical force pursued indispensable traditions Russian literature,3
economics,"""for the scientific work through which he has developed static and dynamic economic theory and actively contributed to raising the level of analysis in economic science""",scientific work developed static dynamic economic theory actively contributed raising level analysis economic science,5
medicine,"""for their discoveries concerning the humoral transmitters in the nerve terminals and the mechanism for their storage release and inactivation""",discoveries concerning humoral transmitters nerve terminals mechanism storage release inactivation,1
medicine,"""for their discoveries concerning the humoral transmitters in the nerve terminals and the mechanism for their storage release and inactivation""",discoveries concerning humoral transmitters nerve terminals mechanism storage release inactivation,1
medicine,"""for their discoveries concerning the humoral transmitters in the nerve terminals and the mechanism for their storage release and inactivation""",discoveries concerning humoral transmitters nerve terminals mechanism storage release inactivation,1
peace,"""for paving the way for a meaningful dialogue between East and West""",paving way meaningful dialogue East West,2
physics,"""for his invention and development of the holographic method""",invention development holographic method,0
economics,"""for his empirically founded interpretation of economic growth which has led to new and deepened insight into the economic and social structure and process of development""",empirically founded interpretation economic growth led new deepened insight economic social structure process development,5
chemistry,"""for his contributions to the knowledge of electronic structure and geometry of molecules particularly free radicals""",contributions knowledge electronic structure geometry molecules particularly free radicals,4
medicine,"""for his discoveries concerning the mechanisms of the action of hormones""",discoveries concerning mechanisms action hormones,1
literature,"""for a poetry that with the action of an elemental force brings alive a continent's destiny and dreams""",poetry action elemental force brings alive continents destiny dreams,3
literature,"""for his writing which through its combination of a broad perspective on his time and a sensitive skill in characterization has contributed to a renewal of German literature""",writing combination broad perspective time sensitive skill characterization contributed renewal German literature,3
medicine,"""for their discoveries concerning the chemical structure of antibodies""",discoveries concerning chemical structure antibodies,1
physics,"""for their jointly developed theory of superconductivity usually called the BCS-theory""",jointly developed theory superconductivity usually called BCStheory,0
chemistry,"""for their contribution to the understanding of the connection between chemical structure and catalytic activity of the active centre of the ribonuclease molecule""",contribution understanding connection chemical structure catalytic activity active centre ribonuclease molecule,4
chemistry,"""for his work on ribonuclease especially concerning the connection between the amino acid sequence and the biologically active conformation""",work ribonuclease especially concerning connection amino acid sequence biologically active conformation,4
chemistry,"""for their contribution to the understanding of the connection between chemical structure and catalytic activity of the active centre of the ribonuclease molecule""",contribution understanding connection chemical structure catalytic activity active centre ribonuclease molecule,4
physics,"""for their researches on semiconductors and their discovery of the transistor effect""",researches semiconductors discovery transistor effect,0
physics,"""for their jointly developed theory of superconductivity usually called the BCS-theory""",jointly developed theory superconductivity usually called BCStheory,0
economics,"""for their pioneering contributions to general economic equilibrium theory and welfare theory""",pioneering contributions general economic equilibrium theory welfare theory,5
economics,"""for their pioneering contributions to general economic equilibrium theory and welfare theory""",pioneering contributions general economic equilibrium theory welfare theory,5
physics,"""for their jointly developed theory of superconductivity usually called the BCS-theory""",jointly developed theory superconductivity usually called BCStheory,0
medicine,"""for their discoveries concerning the chemical structure of antibodies""",discoveries concerning chemical structure antibodies,1
physics,"""for his theoretical predictions of the properties of a supercurrent through a tunnel barrier in particular those phenomena which are generally known as the Josephson effects""",theoretical predictions properties supercurrent tunnel barrier particular phenomena generally known Josephson effects,0
chemistry,"""for their pioneering work performed independently on the chemistry of the organometallic so called sandwich compounds""",pioneering work performed independently chemistry organometallic called sandwich compounds,4
chemistry,"""for their pioneering work performed independently on the chemistry of the organometallic so called sandwich compounds""",pioneering work performed independently chemistry organometallic called sandwich compounds,4
peace,"""for jointly having negotiated a cease fire in Vietnam in 1973""",jointly negotiated cease fire Vietnam 1973,2
economics,"""for the development of the input-output method and for its application to important economic problems""",development inputoutput method application important economic problems,5
medicine,"""for their discoveries concerning organization and elicitation of individual and social behaviour patterns""",discoveries concerning organization elicitation individual social behaviour patterns,1
physics,"""for their experimental discoveries regarding tunneling phenomena in semiconductors and superconductors respectively""",experimental discoveries regarding tunneling phenomena semiconductors superconductors respectively,0
physics,"""for their experimental discoveries regarding tunneling phenomena in semiconductors and superconductors respectively""",experimental discoveries regarding tunneling phenomena semiconductors superconductors respectively,0
medicine,"""for their discoveries concerning organization and elicitation of individual and social behaviour patterns""",discoveries concerning organization elicitation individual social behaviour patterns,1
literature,"""for an epic and psychological narrative art which has introduced a new continent into literature""",epic psychological narrative art introduced new continent literature,3
peace,"""for jointly having negotiated a cease fire in Vietnam in 1973""",jointly negotiated cease fire Vietnam 1973,2
medicine,"""for their discoveries concerning organization and elicitation of individual and social behaviour patterns""",discoveries concerning organization elicitation individual social behaviour patterns,1
chemistry,"""for his fundamental achievements both theoretical and experimental in the physical chemistry of the macromolecules""",fundamental achievements theoretical experimental physical chemistry macromolecules,4
literature,"""for a narrative art far-seeing in lands and ages in the service of freedom""",narrative art farseeing lands ages service freedom,3
economics,"""for their pioneering work in the theory of money and economic fluctuations and for their penetrating analysis of the interdependence of economic social and institutional phenomena""",pioneering work theory money economic fluctuations penetrating analysis interdependence economic social institutional phenomena,5
literature,"""for writings that catch the dewdrop and reflect the cosmos""",writings catch dewdrop reflect cosmos,3
medicine,"""for their discoveries concerning the structural and functional organization of the cell""",discoveries concerning structural functional organization cell,1
physics,"""for their pioneering research in radio astrophysics: Ryle for his observations and inventions in particular of the aperture synthesis technique and Hewish for his decisive role in the discovery of pulsars""",pioneering research radio astrophysics Ryle observations inventions particular aperture synthesis technique Hewish decisive role discovery pulsars,0
physics,"""for their pioneering research in radio astrophysics: Ryle for his observations and inventions in particular of the aperture synthesis technique and Hewish for his decisive role in the discovery of pulsars""",pioneering research radio astrophysics Ryle observations inventions particular aperture synthesis technique Hewish decisive role discovery pulsars,0
medicine,"""for their discoveries concerning the structural and functional organization of the cell""",discoveries concerning structural functional organization cell,1
peace,"""for his contribution to stabilize conditions in the Pacific rim area and for signing the Nuclear Non-Proliferation Treaty""",contribution stabilize conditions Pacific rim area signing Nuclear NonProliferation Treaty,2
peace,"""for his efforts to secure and develop human rights throughout the world""",efforts secure develop human rights throughout world,2
economics,"""for their pioneering work in the theory of money and economic fluctuations and for their penetrating analysis of the interdependence of economic social and institutional phenomena""",pioneering work theory money economic fluctuations penetrating analysis interdependence economic social institutional phenomena,5
medicine,"""for their discoveries concerning the structural and functional organization of the cell""",discoveries concerning structural functional organization cell,1
chemistry,"""for his work on the stereochemistry of enzyme-catalyzed reactions""",work stereochemistry enzymecatalyzed reactions,4
chemistry,"""for his research into the stereochemistry of organic molecules and reactions""",research stereochemistry organic molecules reactions,4
medicine,"""for their discoveries concerning the interaction between tumour viruses and the genetic material of the cell""",discoveries concerning interaction tumour viruses genetic material cell,1
physics,"""for the discovery of the connection between collective motion and particle motion in atomic nuclei and the development of the theory of the structure of the atomic nucleus based on this connection""",discovery connection collective motion particle motion atomic nuclei development theory structure atomic nucleus based connection,0
physics,"""for the discovery of the connection between collective motion and particle motion in atomic nuclei and the development of the theory of the structure of the atomic nucleus based on this connection""",discovery connection collective motion particle motion atomic nuclei development theory structure atomic nucleus based connection,0
physics,"""for the discovery of the connection between collective motion and particle motion in atomic nuclei and the development of the theory of the structure of the atomic nucleus based on this connection""",discovery connection collective motion particle motion atomic nuclei development theory structure atomic nucleus based connection,0
economics,"""for their contributions to the theory of optimum allocation of resources""",contributions theory optimum allocation resources,5
economics,"""for their contributions to the theory of optimum allocation of resources""",contributions theory optimum allocation resources,5
literature,"""for his distinctive poetry which with great artistic sensitivity has interpreted human values under the sign of an outlook on life with no illusions""",distinctive poetry great artistic sensitivity interpreted human values sign outlook life illusions,3
medicine,"""for their discoveries concerning the interaction between tumour viruses and the genetic material of the cell""",discoveries concerning interaction tumour viruses genetic material cell,1
medicine,"""for their discoveries concerning the interaction between tumour viruses and the genetic material of the cell""",discoveries concerning interaction tumour viruses genetic material cell,1
peace,"""for his struggle for human rights in the Soviet Union for disarmament and cooperation between all nations""",struggle human rights Soviet Union disarmament cooperation nations,2
economics,"""for his achievements in the fields of consumption analysis monetary history and theory and for his demonstration of the complexity of stabilization policy""",achievements fields consumption analysis monetary history theory demonstration complexity stabilization policy,5
chemistry,"""for his studies on the structure of boranes illuminating problems of chemical bonding""",studies structure boranes illuminating problems chemical bonding,4
peace,"""for the courageous efforts in founding a movement to put an end to the violent conflict in Northern Ireland""",courageous efforts founding movement put end violent conflict Northern Ireland,2
physics,"""for their pioneering work in the discovery of a heavy elementary particle of a new kind""",pioneering work discovery heavy elementary particle new kind,0
physics,"""for their pioneering work in the discovery of a heavy elementary particle of a new kind""",pioneering work discovery heavy elementary particle new kind,0
medicine,"""for their discoveries concerning new mechanisms for the origin and dissemination of infectious diseases""",discoveries concerning new mechanisms origin dissemination infectious diseases,1
medicine,"""for their discoveries concerning new mechanisms for the origin and dissemination of infectious diseases""",discoveries concerning new mechanisms origin dissemination infectious diseases,1
peace,"""for the courageous efforts in founding a movement to put an end to the violent conflict in Northern Ireland""",courageous efforts founding movement put end violent conflict Northern Ireland,2
literature,"""for the human understanding and subtle analysis of contemporary culture that are combined in his work""",human understanding subtle analysis contemporary culture combined work,3
physics,"""for their fundamental theoretical investigations of the electronic structure of magnetic and disordered systems""",fundamental theoretical investigations electronic structure magnetic disordered systems,0
economics,"""for their pathbreaking contribution to the theory of international trade and international capital movements""",pathbreaking contribution theory international trade international capital movements,5
economics,"""for their pathbreaking contribution to the theory of international trade and international capital movements""",pathbreaking contribution theory international trade international capital movements,5
physics,"""for their fundamental theoretical investigations of the electronic structure of magnetic and disordered systems""",fundamental theoretical investigations electronic structure magnetic disordered systems,0
physics,"""for their fundamental theoretical investigations of the electronic structure of magnetic and disordered systems""",fundamental theoretical investigations electronic structure magnetic disordered systems,0
medicine,"""for their discoveries concerning the peptide hormone production of the brain""",discoveries concerning peptide hormone production brain,1
medicine,"""for the development of radioimmunoassays of peptide hormones""",development radioimmunoassays peptide hormones,1
chemistry,"""for his contributions to non-equilibrium thermodynamics particularly the theory of dissipative structures""",contributions nonequilibrium thermodynamics particularly theory dissipative structures,4
medicine,"""for their discoveries concerning the peptide hormone production of the brain""",discoveries concerning peptide hormone production brain,1
peace,"""for worldwide respect for human rights""",worldwide respect human rights,2
literature,"""for a creative poetic writing which illuminates man's condition in the cosmos and in present-day society at the same time representing the great renewal of the traditions of Spanish poetry between the wars""",creative poetic writing illuminates mans condition cosmos presentday society time representing great renewal traditions Spanish poetry wars,3
peace,"""for jointly having negotiated peace between Egypt and Israel in 1978""",jointly negotiated peace Egypt Israel 1978,2
peace,"""for jointly having negotiated peace between Egypt and Israel in 1978""",jointly negotiated peace Egypt Israel 1978,2
physics,"""for their discovery of cosmic microwave background radiation""",discovery cosmic microwave background radiation,0
medicine,"""for the discovery of restriction enzymes and their application to problems of molecular genetics""",discovery restriction enzymes application problems molecular genetics,1
medicine,"""for the discovery of restriction enzymes and their application to problems of molecular genetics""",discovery restriction enzymes application problems molecular genetics,1
medicine,"""for the discovery of restriction enzymes and their application to problems of molecular genetics""",discovery restriction enzymes application problems molecular genetics,1
physics,"""for their discovery of cosmic microwave background radiation""",discovery cosmic microwave background radiation,0
literature,"""for his impassioned narrative art which with roots in a Polish-Jewish cultural tradition brings universal human conditions to life""",impassioned narrative art roots PolishJewish cultural tradition brings universal human conditions life,3
economics,"""for his pioneering research into the decision-making process within economic organizations""",pioneering research decisionmaking process within economic organizations,5
physics,"""for his basic inventions and discoveries in the area of low-temperature physics""",basic inventions discoveries area lowtemperature physics,0
chemistry,"""for his contribution to the understanding of biological energy transfer through the formulation of the chemiosmotic theory""",contribution understanding biological energy transfer formulation chemiosmotic theory,4
chemistry,"""for their development of the use of boron- and phosphorus-containing compounds respectively into important reagents in organic synthesis""",development use boron phosphoruscontaining compounds respectively important reagents organic synthesis,4
economics,"""for their pioneering research into economic development research with particular consideration of the problems of developing countries""",pioneering research economic development research particular consideration problems developing countries,5
economics,"""for their pioneering research into economic development research with particular consideration of the problems of developing countries""",pioneering research economic development research particular consideration problems developing countries,5
peace,"""for her work for bringing help to suffering humanity""",work bringing help suffering humanity,2
chemistry,"""for their development of the use of boron- and phosphorus-containing compounds respectively into important reagents in organic synthesis""",development use boron phosphoruscontaining compounds respectively important reagents organic synthesis,4
physics,"""for their contributions to the theory of the unified weak and electromagnetic interaction between elementary particles including inter alia the prediction of the weak neutral current""",contributions theory unified weak electromagnetic interaction elementary particles including inter alia prediction weak neutral current,0
physics,"""for their contributions to the theory of the unified weak and electromagnetic interaction between elementary particles including inter alia the prediction of the weak neutral current""",contributions theory unified weak electromagnetic interaction elementary particles including inter alia prediction weak neutral current,0
medicine,"""for the development of computer assisted tomography""",development computer assisted tomography,1
medicine,"""for the development of computer assisted tomography""",development computer assisted tomography,1
literature,"""for his poetry which against the background of Greek tradition depicts with sensuous strength and intellectual clear-sightedness modern man's struggle for freedom and creativeness""",poetry background Greek tradition depicts sensuous strength intellectual clearsightedness modern mans struggle freedom creativeness,3
physics,"""for their contributions to the theory of the unified weak and electromagnetic interaction between elementary particles including inter alia the prediction of the weak neutral current""",contributions theory unified weak electromagnetic interaction elementary particles including inter alia prediction weak neutral current,0
chemistry,"""for his work on the structure of proteins especially that of insulin""",work structure proteins especially insulin,4
chemistry,"""for their contributions concerning the determination of base sequences in nucleic acids""",contributions concerning determination base sequences nucleic acids,4
medicine,"""for their discoveries concerning genetically determined structures on the cell surface that regulate immunological reactions""",discoveries concerning genetically determined structures cell surface regulate immunological reactions,1
medicine,"""for their discoveries concerning genetically determined structures on the cell surface that regulate immunological reactions""",discoveries concerning genetically determined structures cell surface regulate immunological reactions,1
economics,"""for the creation of econometric models and the application to the analysis of economic fluctuations and economic policies""",creation econometric models application analysis economic fluctuations economic policies,5
chemistry,"""for his fundamental studies of the biochemistry of nucleic acids with particular regard to recombinant-DNA""",fundamental studies biochemistry nucleic acids particular regard recombinantDNA,4
peace,"""for being a source of inspiration to repressed people especially in Latin America""",source inspiration repressed people especially Latin America,2
chemistry,"""for their contributions concerning the determination of base sequences in nucleic acids""",contributions concerning determination base sequences nucleic acids,4
physics,"""for the discovery of violations of fundamental symmetry principles in the decay of neutral K-mesons""",discovery violations fundamental symmetry principles decay neutral Kmesons,0
physics,"""for the discovery of violations of fundamental symmetry principles in the decay of neutral K-mesons""",discovery violations fundamental symmetry principles decay neutral Kmesons,0
literature,"""who with uncompromising clear-sightedness voices man's exposed condition in a world of severe conflicts""",uncompromising clearsightedness voices mans exposed condition world severe conflicts,3
medicine,"""for their discoveries concerning genetically determined structures on the cell surface that regulate immunological reactions""",discoveries concerning genetically determined structures cell surface regulate immunological reactions,1
economics,"""for his analysis of financial markets and their relations to expenditure decisions employment production and prices""",analysis financial markets relations expenditure decisions employment production prices,5
literature,"""for writings marked by a broad outlook a wealth of ideas and artistic power""",writings marked broad outlook wealth ideas artistic power,3
medicine,"""for their discoveries concerning information processing in the visual system""",discoveries concerning information processing visual system,1
physics,"""for their contribution to the development of laser spectroscopy""",contribution development laser spectroscopy,0
peace,"""for its efforts to heal the wounds of war by providing help and protection to refugees all over the world""",efforts heal wounds war providing help protection refugees world,2
peace,"""for promoting the fundamental rights of refugees""",promoting fundamental rights refugees,2
medicine,"""for his discoveries concerning the functional specialization of the cerebral hemispheres""",discoveries concerning functional specialization cerebral hemispheres,1
chemistry,"""for their theories developed independently concerning the course of chemical reactions""",theories developed independently concerning course chemical reactions,4
chemistry,"""for their theories developed independently concerning the course of chemical reactions""",theories developed independently concerning course chemical reactions,4
medicine,"""for their discoveries concerning information processing in the visual system""",discoveries concerning information processing visual system,1
physics,"""for their contribution to the development of laser spectroscopy""",contribution development laser spectroscopy,0
physics,"""for his contribution to the development of high-resolution electron spectroscopy""",contribution development highresolution electron spectroscopy,0
economics,"""for his seminal studies of industrial structures functioning of markets and causes and effects of public regulation""",seminal studies industrial structures functioning markets causes effects public regulation,5
peace,"""for their work for disarmament and nuclear and weapon-free zones""",work disarmament nuclear weaponfree zones,2
literature,"""for his novels and short stories in which the fantastic and the realistic are combined in a richly composed world of imagination reflecting a continent's life and conflicts""",novels short stories fantastic realistic combined richly composed world imagination reflecting continents life conflicts,3
medicine,"""for their discoveries concerning prostaglandins and related biologically active substances""",discoveries concerning prostaglandins related biologically active substances,1
chemistry,"""for his development of crystallographic electron microscopy and his structural elucidation of biologically important nucleic acid-protein complexes""",development crystallographic electron microscopy structural elucidation biologically important nucleic acidprotein complexes,4
medicine,"""for their discoveries concerning prostaglandins and related biologically active substances""",discoveries concerning prostaglandins related biologically active substances,1
physics,"""for his theory for critical phenomena in connection with phase transitions""",theory critical phenomena connection phase transitions,0
peace,"""for their work for disarmament and nuclear and weapon-free zones""",work disarmament nuclear weaponfree zones,2
medicine,"""for their discoveries concerning prostaglandins and related biologically active substances""",discoveries concerning prostaglandins related biologically active substances,1
peace,"""for non-violent struggle for free trade unions and human rights in Poland""",nonviolent struggle free trade unions human rights Poland,2
chemistry,"""for his work on the mechanisms of electron transfer reactions especially in metal complexes""",work mechanisms electron transfer reactions especially metal complexes,4
medicine,"""for her discovery of mobile genetic elements""",discovery mobile genetic elements,1
economics,"""for having incorporated new analytical methods into economic theory and for his rigorous reformulation of the theory of general equilibrium""",incorporated new analytical methods economic theory rigorous reformulation theory general equilibrium,5
literature,"""for his novels which with the perspicuity of realistic narrative art and the diversity and universality of myth illuminate the human condition in the world of today""",novels perspicuity realistic narrative art diversity universality myth illuminate human condition world today,3
physics,"""for his theoretical and experimental studies of the nuclear reactions of importance in the formation of the chemical elements in the universe""",theoretical experimental studies nuclear reactions importance formation chemical elements universe,0
physics,"""for his theoretical studies of the physical processes of importance to the structure and evolution of the stars""",theoretical studies physical processes importance structure evolution stars,0
medicine,"""for theories concerning the specificity in development and control of the immune system and the discovery of the principle for production of monoclonal antibodies""",theories concerning specificity development control immune system discovery principle production monoclonal antibodies,1
medicine,"""for theories concerning the specificity in development and control of the immune system and the discovery of the principle for production of monoclonal antibodies""",theories concerning specificity development control immune system discovery principle production monoclonal antibodies,1
medicine,"""for theories concerning the specificity in development and control of the immune system and the discovery of the principle for production of monoclonal antibodies""",theories concerning specificity development control immune system discovery principle production monoclonal antibodies,1
literature,"""for his poetry which endowed with freshness sensuality and rich inventiveness provides a liberating image of the indomitable spirit and versatility of man""",poetry endowed freshness sensuality rich inventiveness provides liberating image indomitable spirit versatility man,3
peace,"""for his role as a unifying leader figure in the non-violent campaign to resolve the problem of apartheid in South Africa""",role unifying leader figure nonviolent campaign resolve problem apartheid South Africa,2
chemistry,"""for his development of methodology for chemical synthesis on a solid matrix""",development methodology chemical synthesis solid matrix,4
physics,"""for their decisive contributions to the large project which led to the discovery of the field particles W and Z communicators of weak interaction""",decisive contributions large project led discovery field particles W Z communicators weak interaction,0
physics,"""for their decisive contributions to the large project which led to the discovery of the field particles W and Z communicators of weak interaction""",decisive contributions large project led discovery field particles W Z communicators weak interaction,0
economics,"""for having made fundamental contributions to the development of systems of national accounts and hence greatly improved the basis for empirical economic analysis""",made fundamental contributions development systems national accounts hence greatly improved basis empirical economic analysis,5
peace,"""for spreading authoritative information and by creating awareness of the catastrophic consequences of nuclear war""",spreading authoritative information creating awareness catastrophic consequences nuclear war,2
physics,"""for the discovery of the quantized Hall effect""",discovery quantized Hall effect,0
medicine,"""for their discoveries concerning the regulation of cholesterol metabolism""",discoveries concerning regulation cholesterol metabolism,1
medicine,"""for their discoveries concerning the regulation of cholesterol metabolism""",discoveries concerning regulation cholesterol metabolism,1
chemistry,"""for their outstanding achievements in the development of direct methods for the determination of crystal structures""",outstanding achievements development direct methods determination crystal structures,4
chemistry,"""for their outstanding achievements in the development of direct methods for the determination of crystal structures""",outstanding achievements development direct methods determination crystal structures,4
literature,"""who in his novel combines the poet's and the painter's creativeness with a deepened awareness of time in the depiction of the human condition""",novel combines poets painters creativeness deepened awareness time depiction human condition,3
economics,"""for his pioneering analyses of saving and of financial markets""",pioneering analyses saving financial markets,5
chemistry,"""for their contributions concerning the dynamics of chemical elementary processes""",contributions concerning dynamics chemical elementary processes,4
chemistry,"""for their contributions concerning the dynamics of chemical elementary processes""",contributions concerning dynamics chemical elementary processes,4
physics,"""for their design of the scanning tunneling microscope""",design scanning tunneling microscope,0
physics,"""for their design of the scanning tunneling microscope""",design scanning tunneling microscope,0
physics,"""for his fundamental work in electron optics and for the design of the first electron microscope""",fundamental work electron optics design first electron microscope,0
chemistry,"""for their contributions concerning the dynamics of chemical elementary processes""",contributions concerning dynamics chemical elementary processes,4
medicine,"""for their discoveries of growth factors""",discoveries growth factors,1
medicine,"""for their discoveries of growth factors""",discoveries growth factors,1
peace,"""for being a messenger to mankind: his message is one of peace atonement and dignity""",messenger mankind message one peace atonement dignity,2
literature,"""who in a wide cultural perspective and with poetic overtones fashions the drama of existence""",wide cultural perspective poetic overtones fashions drama existence,3
economics,"""for his development of the contractual and constitutional bases for the theory of economic and political decision-making""",development contractual constitutional bases theory economic political decisionmaking,5
chemistry,"""for their development and use of molecules with structure-specific interactions of high selectivity""",development use molecules structurespecific interactions high selectivity,4
literature,"""for an all-embracing authorship imbued with clarity of thought and poetic intensity""",allembracing authorship imbued clarity thought poetic intensity,3
physics,"""for their important break-through in the discovery of superconductivity in ceramic materials""",important breakthrough discovery superconductivity ceramic materials,0
chemistry,"""for their development and use of molecules with structure-specific interactions of high selectivity""",development use molecules structurespecific interactions high selectivity,4
physics,"""for their important break-through in the discovery of superconductivity in ceramic materials""",important breakthrough discovery superconductivity ceramic materials,0
medicine,"""for his discovery of the genetic principle for generation of antibody diversity""",discovery genetic principle generation antibody diversity,1
economics,"""for his contributions to the theory of economic growth""",contributions theory economic growth,5
peace,"""for his work for lasting peace in Central America""",work lasting peace Central America,2
chemistry,"""for their development and use of molecules with structure-specific interactions of high selectivity""",development use molecules structurespecific interactions high selectivity,4
peace,"""for preventing armed clashes and creating conditions for negotiations""",preventing armed clashes creating conditions negotiations,2
physics,"""for the neutrino beam method and the demonstration of the doublet structure of the leptons through the discovery of the muon neutrino""",neutrino beam method demonstration doublet structure leptons discovery muon neutrino,0
physics,"""for the neutrino beam method and the demonstration of the doublet structure of the leptons through the discovery of the muon neutrino""",neutrino beam method demonstration doublet structure leptons discovery muon neutrino,0
physics,"""for the neutrino beam method and the demonstration of the doublet structure of the leptons through the discovery of the muon neutrino""",neutrino beam method demonstration doublet structure leptons discovery muon neutrino,0
medicine,"""for their discoveries of important principles for drug treatment""",discoveries important principles drug treatment,1
chemistry,"""for the determination of the three-dimensional structure of a photosynthetic reaction centre""",determination threedimensional structure photosynthetic reaction centre,4
chemistry,"""for the determination of the three-dimensional structure of a photosynthetic reaction centre""",determination threedimensional structure photosynthetic reaction centre,4
chemistry,"""for the determination of the three-dimensional structure of a photosynthetic reaction centre""",determination threedimensional structure photosynthetic reaction centre,4
literature,"""who through works rich in nuance - now clear-sightedly realistic now evocatively ambiguous - has formed an Arabian narrative art that applies to all mankind""",works rich nuance clearsightedly realistic evocatively ambiguous formed Arabian narrative art applies mankind,3
medicine,"""for their discoveries of important principles for drug treatment""",discoveries important principles drug treatment,1
medicine,"""for their discoveries of important principles for drug treatment""",discoveries important principles drug treatment,1
economics,"""for his pioneering contributions to the theory of markets and efficient utilization of resources""",pioneering contributions theory markets efficient utilization resources,5
chemistry,"""for their discovery of catalytic properties of RNA""",discovery catalytic properties RNA,4
chemistry,"""for their discovery of catalytic properties of RNA""",discovery catalytic properties RNA,4
physics,"""for the development of the ion trap technique""",development ion trap technique,0
physics,"""for the invention of the separated oscillatory fields method and its use in the hydrogen maser and other atomic clocks""",invention separated oscillatory fields method use hydrogen maser atomic clocks,0
medicine,"""for their discovery of the cellular origin of retroviral oncogenes""",discovery cellular origin retroviral oncogenes,1
physics,"""for the development of the ion trap technique""",development ion trap technique,0
economics,"""for his clarification of the probability theory foundations of econometrics and his analyses of simultaneous economic structures""",clarification probability theory foundations econometrics analyses simultaneous economic structures,5
literature,"""for a rich and intensive prose which with restrained compassion forms a challenging vision of man's vulnerability""",rich intensive prose restrained compassion forms challenging vision mans vulnerability,3
peace,"""for advocating peaceful solutions based upon tolerance and mutual respect in order to preserve the historical and cultural heritage of his people""",advocating peaceful solutions based upon tolerance mutual respect order preserve historical cultural heritage people,2
medicine,"""for their discovery of the cellular origin of retroviral oncogenes""",discovery cellular origin retroviral oncogenes,1
literature,"""for impassioned writing with wide horizons characterized by sensuous intelligence and humanistic integrity""",impassioned writing wide horizons characterized sensuous intelligence humanistic integrity,3
physics,"""for their pioneering investigations concerning deep inelastic scattering of electrons on protons and bound neutrons which have been of essential importance for the development of the quark model in particle physics""",pioneering investigations concerning deep inelastic scattering electrons protons bound neutrons essential importance development quark model particle physics,0
physics,"""for their pioneering investigations concerning deep inelastic scattering of electrons on protons and bound neutrons which have been of essential importance for the development of the quark model in particle physics""",pioneering investigations concerning deep inelastic scattering electrons protons bound neutrons essential importance development quark model particle physics,0
physics,"""for their pioneering investigations concerning deep inelastic scattering of electrons on protons and bound neutrons which have been of essential importance for the development of the quark model in particle physics""",pioneering investigations concerning deep inelastic scattering electrons protons bound neutrons essential importance development quark model particle physics,0
economics,"""for their pioneering work in the theory of financial economics""",pioneering work theory financial economics,5
economics,"""for their pioneering work in the theory of financial economics""",pioneering work theory financial economics,5
medicine,"""for their discoveries concerning organ and cell transplantation in the treatment of human disease""",discoveries concerning organ cell transplantation treatment human disease,1
peace,"""for the leading role he played in the radical changes in East-West relations""",leading role played radical changes EastWest relations,2
medicine,"""for their discoveries concerning organ and cell transplantation in the treatment of human disease""",discoveries concerning organ cell transplantation treatment human disease,1
economics,"""for their pioneering work in the theory of financial economics""",pioneering work theory financial economics,5
chemistry,"""for his development of the theory and methodology of organic synthesis""",development theory methodology organic synthesis,4
economics,"""for his discovery and clarification of the significance of transaction costs and property rights for the institutional structure and functioning of the economy""",discovery clarification significance transaction costs property rights institutional structure functioning economy,5
literature,"""who through her magnificent epic writing has - in the words of Alfred Nobel - been of very great benefit to humanity""",magnificent epic writing words Alfred Nobel great benefit humanity,3
medicine,"""for their discoveries concerning the function of single ion channels in cells""",discoveries concerning function single ion channels cells,1
physics,"""for discovering that methods developed for studying order phenomena in simple systems can be generalized to more complex forms of matter in particular to liquid crystals and polymers""",discovering methods developed studying order phenomena simple systems generalized complex forms matter particular liquid crystals polymers,0
peace,"""for her non-violent struggle for democracy and human rights""",nonviolent struggle democracy human rights,2
medicine,"""for their discoveries concerning the function of single ion channels in cells""",discoveries concerning function single ion channels cells,1
chemistry,"""for his contributions to the development of the methodology of high resolution nuclear magnetic resonance (NMR) spectroscopy""",contributions development methodology high resolution nuclear magnetic resonance NMR spectroscopy,4
literature,"""for a poetic oeuvre of great luminosity sustained by a historical vision the outcome of a multicultural commitment""",poetic oeuvre great luminosity sustained historical vision outcome multicultural commitment,3
medicine,"""for their discoveries concerning reversible protein phosphorylation as a biological regulatory mechanism""",discoveries concerning reversible protein phosphorylation biological regulatory mechanism,1
chemistry,"""for his contributions to the theory of electron transfer reactions in chemical systems""",contributions theory electron transfer reactions chemical systems,4
economics,"""for having extended the domain of microeconomic analysis to a wide range of human behaviour and interaction including nonmarket behaviour""",extended domain microeconomic analysis wide range human behaviour interaction including nonmarket behaviour,5
peace,"""for her struggle for social justice and ethno-cultural reconciliation based on respect for the rights of indigenous peoples""",struggle social justice ethnocultural reconciliation based respect rights indigenous peoples,2
physics,"""for his invention and development of particle detectors in particular the multiwire proportional chamber""",invention development particle detectors particular multiwire proportional chamber,0
medicine,"""for their discoveries concerning reversible protein phosphorylation as a biological regulatory mechanism""",discoveries concerning reversible protein phosphorylation biological regulatory mechanism,1
physics,"""for the discovery of a new type of pulsar a discovery that has opened up new possibilities for the study of gravitation""",discovery new type pulsar discovery opened new possibilities study gravitation,0
physics,"""for the discovery of a new type of pulsar a discovery that has opened up new possibilities for the study of gravitation""",discovery new type pulsar discovery opened new possibilities study gravitation,0
literature,"""who in novels characterized by visionary force and poetic import gives life to an essential aspect of American reality""",novels characterized visionary force poetic import gives life essential aspect American reality,3
economics,"""for having renewed research in economic history by applying economic theory and quantitative methods in order to explain economic and institutional change""",renewed research economic history applying economic theory quantitative methods order explain economic institutional change,5
chemistry,"""for his fundamental contributions to the establishment of oligonucleotide-based site-directed mutagenesis and its development for protein studies""",fundamental contributions establishment oligonucleotidebased sitedirected mutagenesis development protein studies,4
medicine,"""for their discoveries of split genes""",discoveries split genes,1
medicine,"""for their discoveries of split genes""",discoveries split genes,1
chemistry,"""for his invention of the polymerase chain reaction (PCR) method""",invention polymerase chain reaction PCR method,4
peace,"""for their work for the peaceful termination of the apartheid regime and for laying the foundations for a new democratic South Africa""",work peaceful termination apartheid regime laying foundations new democratic South Africa,2
economics,"""for having renewed research in economic history by applying economic theory and quantitative methods in order to explain economic and institutional change""",renewed research economic history applying economic theory quantitative methods order explain economic institutional change,5
peace,"""for their work for the peaceful termination of the apartheid regime and for laying the foundations for a new democratic South Africa""",work peaceful termination apartheid regime laying foundations new democratic South Africa,2
medicine,"""for their discovery of G-proteins and the role of these proteins in signal transduction in cells""",discovery Gproteins role proteins signal transduction cells,1
medicine,"""for their discovery of G-proteins and the role of these proteins in signal transduction in cells""",discovery Gproteins role proteins signal transduction cells,1
chemistry,"""for his contribution to carbocation chemistry""",contribution carbocation chemistry,4
physics,"""for the development of neutron spectroscopy""",development neutron spectroscopy,0
physics,"""for the development of the neutron diffraction technique""",development neutron diffraction technique,0
literature,"""who with poetic force creates an imagined world where life and myth condense to form a disconcerting picture of the human predicament today""",poetic force creates imagined world life myth condense form disconcerting picture human predicament today,3
peace,"""for their efforts to create peace in the Middle East""",efforts create peace Middle East,2
peace,"""for their efforts to create peace in the Middle East""",efforts create peace Middle East,2
peace,"""for their efforts to create peace in the Middle East""",efforts create peace Middle East,2
economics,"""for their pioneering analysis of equilibria in the theory of non-cooperative games""",pioneering analysis equilibria theory noncooperative games,5
economics,"""for their pioneering analysis of equilibria in the theory of non-cooperative games""",pioneering analysis equilibria theory noncooperative games,5
economics,"""for their pioneering analysis of equilibria in the theory of non-cooperative games""",pioneering analysis equilibria theory noncooperative games,5
physics,"""for the detection of the neutrino""",detection neutrino,0
medicine,"""for their discoveries concerning the genetic control of early embryonic development""",discoveries concerning genetic control early embryonic development,1
chemistry,"""for their work in atmospheric chemistry particularly concerning the formation and decomposition of ozone""",work atmospheric chemistry particularly concerning formation decomposition ozone,4
chemistry,"""for their work in atmospheric chemistry particularly concerning the formation and decomposition of ozone""",work atmospheric chemistry particularly concerning formation decomposition ozone,4
economics,"""for having developed and applied the hypothesis of rational expectations and thereby having transformed macroeconomic analysis and deepened our understanding of economic policy""",developed applied hypothesis rational expectations thereby transformed macroeconomic analysis deepened understanding economic policy,5
literature,"""for works of lyrical beauty and ethical depth which exalt everyday miracles and the living past""",works lyrical beauty ethical depth exalt everyday miracles living past,3
chemistry,"""for their work in atmospheric chemistry particularly concerning the formation and decomposition of ozone""",work atmospheric chemistry particularly concerning formation decomposition ozone,4
medicine,"""for their discoveries concerning the genetic control of early embryonic development""",discoveries concerning genetic control early embryonic development,1
peace,"""for their efforts to diminish the part played by nuclear arms in international politics and in the longer run to eliminate such arms""",efforts diminish part played nuclear arms international politics longer run eliminate arms,2
peace,"""for their efforts to diminish the part played by nuclear arms in international politics and in the longer run to eliminate such arms""",efforts diminish part played nuclear arms international politics longer run eliminate arms,2
physics,"""for the discovery of the tau lepton""",discovery tau lepton,0
medicine,"""for their discoveries concerning the genetic control of early embryonic development""",discoveries concerning genetic control early embryonic development,1
physics,"""for their discovery of superfluidity in helium-3""",discovery superfluidity helium3,0
physics,"""for their discovery of superfluidity in helium-3""",discovery superfluidity helium3,0
physics,"""for their discovery of superfluidity in helium-3""",discovery superfluidity helium3,0
medicine,"""for their discoveries concerning the specificity of the cell mediated immune defence""",discoveries concerning specificity cell mediated immune defence,1
medicine,"""for their discoveries concerning the specificity of the cell mediated immune defence""",discoveries concerning specificity cell mediated immune defence,1
chemistry,"""for their discovery of fullerenes""",discovery fullerenes,4
literature,"""for poetry that with ironic precision allows the historical and biological context to come to light in fragments of human reality""",poetry ironic precision allows historical biological context come light fragments human reality,3
peace,"""for their work towards a just and peaceful solution to the conflict in East Timor""",work towards peaceful solution conflict East Timor,2
peace,"""for their work towards a just and peaceful solution to the conflict in East Timor""",work towards peaceful solution conflict East Timor,2
chemistry,"""for their discovery of fullerenes""",discovery fullerenes,4
economics,"""for their fundamental contributions to the economic theory of incentives under asymmetric information""",fundamental contributions economic theory incentives asymmetric information,5
chemistry,"""for their discovery of fullerenes""",discovery fullerenes,4
economics,"""for their fundamental contributions to the economic theory of incentives under asymmetric information""",fundamental contributions economic theory incentives asymmetric information,5
literature,"""who emulates the jesters of the Middle Ages in scourging authority and upholding the dignity of the downtrodden""",emulates jesters Middle Ages scourging authority upholding dignity downtrodden,3
chemistry,"""for their elucidation of the enzymatic mechanism underlying the synthesis of adenosine triphosphate (ATP)""",elucidation enzymatic mechanism underlying synthesis adenosine triphosphate ATP,4
chemistry,"""for the first discovery of an ion-transporting enzyme Na+ K+ -ATPase""",first discovery iontransporting enzyme Na K ATPase,4
economics,"""for a new method to determine the value of derivatives""",new method determine value derivatives,5
medicine,"""for his discovery of Prions - a new biological principle of infection""",discovery Prions new biological principle infection,1
physics,"""for development of methods to cool and trap atoms with laser light""",development methods cool trap atoms laser light,0
economics,"""for a new method to determine the value of derivatives""",new method determine value derivatives,5
physics,"""for development of methods to cool and trap atoms with laser light""",development methods cool trap atoms laser light,0
physics,"""for development of methods to cool and trap atoms with laser light""",development methods cool trap atoms laser light,0
peace,"""for their work for the banning and clearing of anti-personnel mines""",work banning clearing antipersonnel mines,2
peace,"""for their work for the banning and clearing of anti-personnel mines""",work banning clearing antipersonnel mines,2
chemistry,"""for their elucidation of the enzymatic mechanism underlying the synthesis of adenosine triphosphate (ATP)""",elucidation enzymatic mechanism underlying synthesis adenosine triphosphate ATP,4
economics,"""for his contributions to welfare economics""",contributions welfare economics,5
physics,"""for their discovery of a new form of quantum fluid with fractionally charged excitations""",discovery new form quantum fluid fractionally charged excitations,0
literature,"""who with parables sustained by imagination compassion and irony continually enables us once again to apprehend an elusory reality""",parables sustained imagination compassion irony continually enables us apprehend elusory reality,3
physics,"""for their discovery of a new form of quantum fluid with fractionally charged excitations""",discovery new form quantum fluid fractionally charged excitations,0
chemistry,"""for his development of the density-functional theory""",development densityfunctional theory,4
medicine,"""for their discoveries concerning nitric oxide as a signalling molecule in the cardiovascular system""",discoveries concerning nitric oxide signalling molecule cardiovascular system,1
medicine,"""for their discoveries concerning nitric oxide as a signalling molecule in the cardiovascular system""",discoveries concerning nitric oxide signalling molecule cardiovascular system,1
medicine,"""for their discoveries concerning nitric oxide as a signalling molecule in the cardiovascular system""",discoveries concerning nitric oxide signalling molecule cardiovascular system,1
chemistry,"""for his development of computational methods in quantum chemistry""",development computational methods quantum chemistry,4
peace,"""for their efforts to find a peaceful solution to the conflict in Northern Ireland""",efforts find peaceful solution conflict Northern Ireland,2
peace,"""for their efforts to find a peaceful solution to the conflict in Northern Ireland""",efforts find peaceful solution conflict Northern Ireland,2
physics,"""for their discovery of a new form of quantum fluid with fractionally charged excitations""",discovery new form quantum fluid fractionally charged excitations,0
literature,"""whose frolicsome black fables portray the forgotten face of history""",whose frolicsome black fables portray forgotten face history,3
chemistry,"""for his studies of the transition states of chemical reactions using femtosecond spectroscopy""",studies transition states chemical reactions using femtosecond spectroscopy,4
peace,"""in recognition of the organisation's pioneering humanitarian work on several continents""",recognition organisations pioneering humanitarian work several continents,2
physics,"""for elucidating the quantum structure of electroweak interactions in physics""",elucidating quantum structure electroweak interactions physics,0
physics,"""for elucidating the quantum structure of electroweak interactions in physics""",elucidating quantum structure electroweak interactions physics,0
economics,"""for his analysis of monetary and fiscal policy under different exchange rate regimes and his analysis of optimum currency areas""",analysis monetary fiscal policy different exchange rate regimes analysis optimum currency areas,5
medicine,"""for the discovery that proteins have intrinsic signals that govern their transport and localization in the cell""",discovery proteins intrinsic signals govern transport localization cell,1
chemistry,"""for the discovery and development of conductive polymers""",discovery development conductive polymers,4
literature,"""for an œuvre of universal validity bitter insights and linguistic ingenuity which has opened new paths for the Chinese novel and drama""",œuvre universal validity bitter insights linguistic ingenuity opened new paths Chinese novel drama,3
economics,"""for his development of theory and methods for analyzing discrete choice""",development theory methods analyzing discrete choice,5
economics,"""for his development of theory and methods for analyzing selective samples""",development theory methods analyzing selective samples,5
chemistry,"""for the discovery and development of conductive polymers""",discovery development conductive polymers,4
chemistry,"""for the discovery and development of conductive polymers""",discovery development conductive polymers,4
medicine,"""for their discoveries concerning signal transduction in the nervous system""",discoveries concerning signal transduction nervous system,1
physics,"""for developing semiconductor heterostructures used in high-speed- and opto-electronics""",developing semiconductor heterostructures used highspeed optoelectronics,0
physics,"""for developing semiconductor heterostructures used in high-speed- and opto-electronics""",developing semiconductor heterostructures used highspeed optoelectronics,0
peace,"""for his work for democracy and human rights in South Korea and in East Asia in general and for peace and reconciliation with North Korea in particular""",work democracy human rights South Korea East Asia general peace reconciliation North Korea particular,2
medicine,"""for their discoveries concerning signal transduction in the nervous system""",discoveries concerning signal transduction nervous system,1
medicine,"""for their discoveries concerning signal transduction in the nervous system""",discoveries concerning signal transduction nervous system,1
physics,"""for his part in the invention of the integrated circuit""",part invention integrated circuit,0
economics,"""for their analyses of markets with asymmetric information""",analyses markets asymmetric information,5
peace,"""for their work for a better organized and more peaceful world""",work better organized peaceful world,2
peace,"""for their work for a better organized and more peaceful world""",work better organized peaceful world,2
literature,"""for having united perceptive narrative and incorruptible scrutiny in works that compel us to see the presence of suppressed histories""",united perceptive narrative incorruptible scrutiny works compel us see presence suppressed histories,3
economics,"""for their analyses of markets with asymmetric information""",analyses markets asymmetric information,5
economics,"""for their analyses of markets with asymmetric information""",analyses markets asymmetric information,5
chemistry,"""for his work on chirally catalysed oxidation reactions""",work chirally catalysed oxidation reactions,4
chemistry,"""for the development of click chemistry and bioorthogonal chemistry""",development click chemistry bioorthogonal chemistry,4
chemistry,"""for their work on chirally catalysed hydrogenation reactions""",work chirally catalysed hydrogenation reactions,4
chemistry,"""for their work on chirally catalysed hydrogenation reactions""",work chirally catalysed hydrogenation reactions,4
physics,"""for the achievement of Bose-Einstein condensation in dilute gases of alkali atoms and for early fundamental studies of the properties of the condensates""",achievement BoseEinstein condensation dilute gases alkali atoms early fundamental studies properties condensates,0
physics,"""for the achievement of Bose-Einstein condensation in dilute gases of alkali atoms and for early fundamental studies of the properties of the condensates""",achievement BoseEinstein condensation dilute gases alkali atoms early fundamental studies properties condensates,0
physics,"""for the achievement of Bose-Einstein condensation in dilute gases of alkali atoms and for early fundamental studies of the properties of the condensates""",achievement BoseEinstein condensation dilute gases alkali atoms early fundamental studies properties condensates,0
medicine,"""for their discoveries of key regulators of the cell cycle""",discoveries key regulators cell cycle,1
medicine,"""for their discoveries of key regulators of the cell cycle""",discoveries key regulators cell cycle,1
medicine,"""for their discoveries of key regulators of the cell cycle""",discoveries key regulators cell cycle,1
peace,"""for his decades of untiring effort to find peaceful solutions to international conflicts to advance democracy and human rights and to promote economic and social development""",decades untiring effort find peaceful solutions international conflicts advance democracy human rights promote economic social development,2
literature,"""for writing that upholds the fragile experience of the individual against the barbaric arbitrariness of history""",writing upholds fragile experience individual barbaric arbitrariness history,3
economics,"""for having integrated insights from psychological research into economic science especially concerning human judgment and decision-making under uncertainty""",integrated insights psychological research economic science especially concerning human judgment decisionmaking uncertainty,5
chemistry,"""for his development of nuclear magnetic resonance spectroscopy for determining the three-dimensional structure of biological macromolecules in solution""",development nuclear magnetic resonance spectroscopy determining threedimensional structure biological macromolecules solution,4
chemistry,"""for their development of soft desorption ionisation methods for mass spectrometric analyses of biological macromolecules""",development soft desorption ionisation methods mass spectrometric analyses biological macromolecules,4
chemistry,"""for their development of soft desorption ionisation methods for mass spectrometric analyses of biological macromolecules""",development soft desorption ionisation methods mass spectrometric analyses biological macromolecules,4
economics,"""for having established laboratory experiments as a tool in empirical economic analysis especially in the study of alternative market mechanisms""",established laboratory experiments tool empirical economic analysis especially study alternative market mechanisms,5
physics,"""for pioneering contributions to astrophysics in particular for the detection of cosmic neutrinos""",pioneering contributions astrophysics particular detection cosmic neutrinos,0
physics,"""for pioneering contributions to astrophysics in particular for the detection of cosmic neutrinos""",pioneering contributions astrophysics particular detection cosmic neutrinos,0
medicine,"""for their discoveries concerning genetic regulation of organ development and programmed cell death'""",discoveries concerning genetic regulation organ development programmed cell death,1
medicine,"""for their discoveries concerning genetic regulation of organ development and programmed cell death'""",discoveries concerning genetic regulation organ development programmed cell death,1
medicine,"""for their discoveries concerning genetic regulation of organ development and programmed cell death'""",discoveries concerning genetic regulation organ development programmed cell death,1
physics,"""for pioneering contributions to astrophysics which have led to the discovery of cosmic X-ray sources""",pioneering contributions astrophysics led discovery cosmic Xray sources,0
peace,"""for her efforts for democracy and human rights. She has focused especially on the struggle for the rights of women and children""",efforts democracy human rights focused especially struggle rights women children,2
economics,"""for methods of analyzing economic time series with common trends (cointegration)""",methods analyzing economic time series common trends cointegration,5
economics,"""for methods of analyzing economic time series with time-varying volatility (ARCH)""",methods analyzing economic time series timevarying volatility ARCH,5
chemistry,"""for structural and mechanistic studies of ion channels""",structural mechanistic studies ion channels,4
chemistry,"""for the discovery of water channels""",discovery water channels,4
physics,"""for pioneering contributions to the theory of superconductors and superfluids""",pioneering contributions theory superconductors superfluids,0
physics,"""for pioneering contributions to the theory of superconductors and superfluids""",pioneering contributions theory superconductors superfluids,0
medicine,"""for their discoveries concerning magnetic resonance imaging""",discoveries concerning magnetic resonance imaging,1
medicine,"""for their discoveries concerning magnetic resonance imaging""",discoveries concerning magnetic resonance imaging,1
literature,"""who in innumerable guises portrays the surprising involvement of the outsider""",innumerable guises portrays surprising involvement outsider,3
physics,"""for pioneering contributions to the theory of superconductors and superfluids""",pioneering contributions theory superconductors superfluids,0
economics,"""for their contributions to dynamic macroeconomics: the time consistency of economic policy and the driving forces behind business cycles""",contributions dynamic macroeconomics time consistency economic policy driving forces behind business cycles,5
chemistry,"""for the discovery of ubiquitin-mediated protein degradation""",discovery ubiquitinmediated protein degradation,4
economics,"""for their contributions to dynamic macroeconomics: the time consistency of economic policy and the driving forces behind business cycles""",contributions dynamic macroeconomics time consistency economic policy driving forces behind business cycles,5
peace,"""for her contribution to sustainable development democracy and peace""",contribution sustainable development democracy peace,2
literature,"""for her musical flow of voices and counter-voices in novels and plays that with extraordinary linguistic zeal reveal the absurdity of society's clich&eacute;s and their subjugating power""",musical flow voices countervoices novels plays extraordinary linguistic zeal reveal absurdity societys clicheacutes subjugating power,3
chemistry,"""for the discovery of ubiquitin-mediated protein degradation""",discovery ubiquitinmediated protein degradation,4
physics,"""for the discovery of asymptotic freedom in the theory of the strong interaction""",discovery asymptotic freedom theory strong interaction,0
physics,"""for the discovery of asymptotic freedom in the theory of the strong interaction""",discovery asymptotic freedom theory strong interaction,0
physics,"""for the discovery of asymptotic freedom in the theory of the strong interaction""",discovery asymptotic freedom theory strong interaction,0
medicine,"""for their discoveries of odorant receptors and the organization of the olfactory system""",discoveries odorant receptors organization olfactory system,1
medicine,"""for their discoveries of odorant receptors and the organization of the olfactory system""",discoveries odorant receptors organization olfactory system,1
chemistry,"""for the discovery of ubiquitin-mediated protein degradation""",discovery ubiquitinmediated protein degradation,4
literature,"""who in his plays uncovers the precipice under everyday prattle and forces entry into oppression's closed rooms""",plays uncovers precipice everyday prattle forces entry oppressions closed rooms,3
economics,"""for having enhanced our understanding of conflict and cooperation through game-theory analysis""",enhanced understanding conflict cooperation gametheory analysis,5
peace,"""for their efforts to prevent nuclear energy from being used for military purposes and to ensure that nuclear energy for peaceful purposes is used in the safest possible way""",efforts prevent nuclear energy used military purposes ensure nuclear energy peaceful purposes used safest possible way,2
peace,"""for their efforts to prevent nuclear energy from being used for military purposes and to ensure that nuclear energy for peaceful purposes is used in the safest possible way""",efforts prevent nuclear energy used military purposes ensure nuclear energy peaceful purposes used safest possible way,2
chemistry,"""for the development of the metathesis method in organic synthesis""",development metathesis method organic synthesis,4
chemistry,"""for the development of the metathesis method in organic synthesis""",development metathesis method organic synthesis,4
economics,"""for having enhanced our understanding of conflict and cooperation through game-theory analysis""",enhanced understanding conflict cooperation gametheory analysis,5
physics,"""for their contributions to the development of laser-based precision spectroscopy including the optical frequency comb technique""",contributions development laserbased precision spectroscopy including optical frequency comb technique,0
physics,"""for their contributions to the development of laser-based precision spectroscopy including the optical frequency comb technique""",contributions development laserbased precision spectroscopy including optical frequency comb technique,0
physics,"""for his contribution to the quantum theory of optical coherence""",contribution quantum theory optical coherence,0
medicine,"""for their discovery of the bacterium <i>Helicobacter pylori</i> and its role in gastritis and peptic ulcer disease""",discovery bacterium iHelicobacter pylorii role gastritis peptic ulcer disease,1
medicine,"""for their discovery of the bacterium <i>Helicobacter pylori</i> and its role in gastritis and peptic ulcer disease""",discovery bacterium iHelicobacter pylorii role gastritis peptic ulcer disease,1
chemistry,"""for the development of the metathesis method in organic synthesis""",development metathesis method organic synthesis,4
peace,"""for their efforts to create economic and social development from below""",efforts create economic social development,2
peace,"""for their efforts to create economic and social development from below""",efforts create economic social development,2
literature,"""who in the quest for the melancholic soul of his native city has discovered new symbols for the clash and interlacing of cultures""",quest melancholic soul native city discovered new symbols clash interlacing cultures,3
economics,"""for his analysis of intertemporal tradeoffs in macroeconomic policy""",analysis intertemporal tradeoffs macroeconomic policy,5
chemistry,"""for his studies of the molecular basis of eukaryotic transcription""",studies molecular basis eukaryotic transcription,4
physics,"""for their discovery of the blackbody form and anisotropy of the cosmic microwave background radiation""",discovery blackbody form anisotropy cosmic microwave background radiation,0
medicine,"""for their discovery of RNA interference - gene silencing by double-stranded RNA""",discovery RNA interference gene silencing doublestranded RNA,1
medicine,"""for their discovery of RNA interference - gene silencing by double-stranded RNA""",discovery RNA interference gene silencing doublestranded RNA,1
physics,"""for their discovery of the blackbody form and anisotropy of the cosmic microwave background radiation""",discovery blackbody form anisotropy cosmic microwave background radiation,0
economics,"""for having laid the foundations of mechanism design theory""",laid foundations mechanism design theory,5
economics,"""for having laid the foundations of mechanism design theory""",laid foundations mechanism design theory,5
economics,"""for having laid the foundations of mechanism design theory""",laid foundations mechanism design theory,5
peace,"""for their efforts to build up and disseminate greater knowledge about man-made climate change and to lay the foundations for the measures that are needed to counteract such change""",efforts build disseminate greater knowledge manmade climate change lay foundations measures needed counteract change,2
peace,"""for their efforts to build up and disseminate greater knowledge about man-made climate change and to lay the foundations for the measures that are needed to counteract such change""",efforts build disseminate greater knowledge manmade climate change lay foundations measures needed counteract change,2
chemistry,"""for his studies of chemical processes on solid surfaces""",studies chemical processes solid surfaces,4
literature,"""that epicist of the female experience who with scepticism fire and visionary power has subjected a divided civilisation to scrutiny""",epicist female experience scepticism fire visionary power subjected divided civilisation scrutiny,3
physics,"""for the discovery of Giant Magnetoresistance""",discovery Giant Magnetoresistance,0
medicine,"""for their discoveries of principles for introducing specific gene modifications in mice by the use of embryonic stem cells""",discoveries principles introducing specific gene modifications mice use embryonic stem cells,1
medicine,"""for their discoveries of principles for introducing specific gene modifications in mice by the use of embryonic stem cells""",discoveries principles introducing specific gene modifications mice use embryonic stem cells,1
medicine,"""for their discoveries of principles for introducing specific gene modifications in mice by the use of embryonic stem cells""",discoveries principles introducing specific gene modifications mice use embryonic stem cells,1
physics,"""for the discovery of Giant Magnetoresistance""",discovery Giant Magnetoresistance,0
peace,"""for his important efforts on several continents and over more than three decades to resolve international conflicts""",important efforts several continents three decades resolve international conflicts,2
literature,"""author of new departures poetic adventure and sensual ecstasy explorer of a humanity beyond and below the reigning civilization""",author new departures poetic adventure sensual ecstasy explorer humanity beyond reigning civilization,3
chemistry,"""for the discovery and development of the green fluorescent protein GFP""",discovery development green fluorescent protein GFP,4
chemistry,"""for the discovery and development of the green fluorescent protein GFP""",discovery development green fluorescent protein GFP,4
chemistry,"""for the discovery and development of the green fluorescent protein GFP""",discovery development green fluorescent protein GFP,4
physics,"""for the discovery of the origin of the broken symmetry which predicts the existence of at least three families of quarks in nature""",discovery origin broken symmetry predicts existence least three families quarks nature,0
economics,"""for his analysis of trade patterns and location of economic activity""",analysis trade patterns location economic activity,5
physics,"""for the discovery of the mechanism of spontaneous broken symmetry in subatomic physics""",discovery mechanism spontaneous broken symmetry subatomic physics,0
medicine,"""for their discovery of human immunodeficiency virus""",discovery human immunodeficiency virus,1
medicine,"""for their discovery of human immunodeficiency virus""",discovery human immunodeficiency virus,1
medicine,"""for his discovery of human papilloma viruses causing cervical cancer""",discovery human papilloma viruses causing cervical cancer,1
physics,"""for the discovery of the origin of the broken symmetry which predicts the existence of at least three families of quarks in nature""",discovery origin broken symmetry predicts existence least three families quarks nature,0
economics,"""for his analysis of economic governance especially the boundaries of the firm""",analysis economic governance especially boundaries firm,5
economics,"""for her analysis of economic governance especially the commons""",analysis economic governance especially commons,5
peace,"""for his extraordinary efforts to strengthen international diplomacy and cooperation between peoples""",extraordinary efforts strengthen international diplomacy cooperation peoples,2
literature,"""who with the concentration of poetry and the frankness of prose depicts the landscape of the dispossessed""",concentration poetry frankness prose depicts landscape dispossessed,3
chemistry,"""for studies of the structure and function of the ribosome""",studies structure function ribosome,4
chemistry,"""for studies of the structure and function of the ribosome""",studies structure function ribosome,4
chemistry,"""for studies of the structure and function of the ribosome""",studies structure function ribosome,4
physics,"""for the invention of an imaging semiconductor circuit - the CCD sensor""",invention imaging semiconductor circuit CCD sensor,0
physics,"""for groundbreaking achievements concerning the transmission of light in fibers for optical communication""",groundbreaking achievements concerning transmission light fibers optical communication,0
medicine,"""for the discovery of how chromosomes are protected by telomeres and the enzyme telomerase""",discovery chromosomes protected telomeres enzyme telomerase,1
medicine,"""for the discovery of how chromosomes are protected by telomeres and the enzyme telomerase""",discovery chromosomes protected telomeres enzyme telomerase,1
medicine,"""for the discovery of how chromosomes are protected by telomeres and the enzyme telomerase""",discovery chromosomes protected telomeres enzyme telomerase,1
physics,"""for the invention of an imaging semiconductor circuit - the CCD sensor""",invention imaging semiconductor circuit CCD sensor,0
economics,"""for their analysis of markets with search frictions""",analysis markets search frictions,5
literature,"""for his cartography of structures of power and his trenchant images of the individual's resistance revolt and defeat""",cartography structures power trenchant images individuals resistance revolt defeat,3
economics,"""for their analysis of markets with search frictions""",analysis markets search frictions,5
peace,"""for his long and non-violent struggle for fundamental human rights in China""",long nonviolent struggle fundamental human rights China,2
chemistry,"""for palladium-catalyzed cross couplings in organic synthesis""",palladiumcatalyzed cross couplings organic synthesis,4
economics,"""for their analysis of markets with search frictions""",analysis markets search frictions,5
chemistry,"""for palladium-catalyzed cross couplings in organic synthesis""",palladiumcatalyzed cross couplings organic synthesis,4
physics,"""for groundbreaking experiments regarding the two-dimensional material graphene""",groundbreaking experiments regarding twodimensional material graphene,0
physics,"""for groundbreaking experiments regarding the two-dimensional material graphene""",groundbreaking experiments regarding twodimensional material graphene,0
medicine,"""for the development of in vitro fertilization""",development vitro fertilization,1
chemistry,"""for palladium-catalyzed cross couplings in organic synthesis""",palladiumcatalyzed cross couplings organic synthesis,4
economics,"""for their empirical research on cause and effect in the macroeconomy""",empirical research cause effect macroeconomy,5
peace,"""for their non-violent struggle for the safety of women and for women's rights to full participation in peace-building work""",nonviolent struggle safety women womens rights full participation peacebuilding work,2
peace,"""for their non-violent struggle for the safety of women and for women's rights to full participation in peace-building work""",nonviolent struggle safety women womens rights full participation peacebuilding work,2
peace,"""for their non-violent struggle for the safety of women and for women's rights to full participation in peace-building work""",nonviolent struggle safety women womens rights full participation peacebuilding work,2
literature,"""because through his condensed translucent images he gives us fresh access to reality""",condensed translucent images gives us fresh access reality,3
chemistry,"""for the discovery of quasicrystals""",discovery quasicrystals,4
economics,"""for their empirical research on cause and effect in the macroeconomy""",empirical research cause effect macroeconomy,5
physics,"""for the discovery of the accelerating expansion of the Universe through observations of distant supernovae""",discovery accelerating expansion Universe observations distant supernovae,0
physics,"""for the discovery of the accelerating expansion of the Universe through observations of distant supernovae""",discovery accelerating expansion Universe observations distant supernovae,0
medicine,"""for his discovery of the dendritic cell and its role in adaptive immunity""",discovery dendritic cell role adaptive immunity,1
medicine,"""for their discoveries concerning the activation of innate immunity""",discoveries concerning activation innate immunity,1
medicine,"""for their discoveries concerning the activation of innate immunity""",discoveries concerning activation innate immunity,1
physics,"""for the discovery of the accelerating expansion of the Universe through observations of distant supernovae""",discovery accelerating expansion Universe observations distant supernovae,0
economics,"""for the theory of stable allocations and the practice of market design""",theory stable allocations practice market design,5
economics,"""for the theory of stable allocations and the practice of market design""",theory stable allocations practice market design,5
peace,"""for over six decades contributed to the advancement of peace and reconciliation democracy and human rights in Europe""",six decades contributed advancement peace reconciliation democracy human rights Europe,2
literature,"""who with hallucinatory realism merges folk tales history and the contemporary""",hallucinatory realism merges folk tales history contemporary,3
chemistry,"""for studies of G-protein-coupled receptors""",studies Gproteincoupled receptors,4
chemistry,"""for studies of G-protein-coupled receptors""",studies Gproteincoupled receptors,4
physics,"""for ground-breaking experimental methods that enable measuring and manipulation of individual quantum systems""",groundbreaking experimental methods enable measuring manipulation individual quantum systems,0
medicine,"""for the discovery that mature cells can be reprogrammed to become pluripotent""",discovery mature cells reprogrammed become pluripotent,1
medicine,"""for the discovery that mature cells can be reprogrammed to become pluripotent""",discovery mature cells reprogrammed become pluripotent,1
physics,"""for ground-breaking experimental methods that enable measuring and manipulation of individual quantum systems""",groundbreaking experimental methods enable measuring manipulation individual quantum systems,0
economics,"""for their empirical analysis of asset prices""",empirical analysis asset prices,5
chemistry,"""for the development of multiscale models for complex chemical systems""",development multiscale models complex chemical systems,4
economics,"""for their empirical analysis of asset prices""",empirical analysis asset prices,5
economics,"""for their empirical analysis of asset prices""",empirical analysis asset prices,5
peace,"""for its extensive efforts to eliminate chemical weapons""",extensive efforts eliminate chemical weapons,2
literature,"""master of the contemporary short story""",master contemporary short story,3
chemistry,"""for the development of multiscale models for complex chemical systems""",development multiscale models complex chemical systems,4
chemistry,"""for the development of multiscale models for complex chemical systems""",development multiscale models complex chemical systems,4
physics,"""for the theoretical discovery of a mechanism that contributes to our understanding of the origin of mass of subatomic particles and which recently was confirmed through the discovery of the predicted fundamental particle by the ATLAS and CMS experiments at CERN's Large Hadron Collider""",theoretical discovery mechanism contributes understanding origin mass subatomic particles recently confirmed discovery predicted fundamental particle ATLAS CMS experiments CERNs Large Hadron Collider,0
physics,"""for the theoretical discovery of a mechanism that contributes to our understanding of the origin of mass of subatomic particles and which recently was confirmed through the discovery of the predicted fundamental particle by the ATLAS and CMS experiments at CERN's Large Hadron Collider""",theoretical discovery mechanism contributes understanding origin mass subatomic particles recently confirmed discovery predicted fundamental particle ATLAS CMS experiments CERNs Large Hadron Collider,0
medicine,"""for their discoveries of machinery regulating vesicle traffic a major transport system in our cells""",discoveries machinery regulating vesicle traffic major transport system cells,1
medicine,"""for their discoveries of machinery regulating vesicle traffic a major transport system in our cells""",discoveries machinery regulating vesicle traffic major transport system cells,1
medicine,"""for their discoveries of machinery regulating vesicle traffic a major transport system in our cells""",discoveries machinery regulating vesicle traffic major transport system cells,1
economics,"""for his analysis of market power and regulation""",analysis market power regulation,5
peace,"""for their struggle against the suppression of children and young people and for the right of all children to education""",struggle suppression children young people right children education,2
literature,"""for the art of memory with which he has evoked the most ungraspable human destinies and
uncovered the life-world of the occupation""",art memory evoked ungraspable human destinies uncovered lifeworld occupation,3
chemistry,"""for the development of super-resolved fluorescence microscopy""",development superresolved fluorescence microscopy,4
chemistry,"""for the development of super-resolved fluorescence microscopy""",development superresolved fluorescence microscopy,4
chemistry,"""for the development of super-resolved fluorescence microscopy""",development superresolved fluorescence microscopy,4
peace,"""for their struggle against the suppression of children and young people and for the right of all children to education""",struggle suppression children young people right children education,2
physics,"""for the invention of efficient blue light-emitting diodes which has enabled bright and energy-saving white light sources""",invention efficient blue lightemitting diodes enabled bright energysaving white light sources,0
physics,"""for the invention of efficient blue light-emitting diodes which has enabled bright and energy-saving white light sources""",invention efficient blue lightemitting diodes enabled bright energysaving white light sources,0
medicine,"""for their discoveries of cells that constitute a positioning system in the brain""",discoveries cells constitute positioning system brain,1
medicine,"""for their discoveries of cells that constitute a positioning system in the brain""",discoveries cells constitute positioning system brain,1
medicine,"""for their discoveries of cells that constitute a positioning system in the brain""",discoveries cells constitute positioning system brain,1
physics,"""for the invention of efficient blue light-emitting diodes which has enabled bright and energy-saving white light sources""",invention efficient blue lightemitting diodes enabled bright energysaving white light sources,0
economics,"""for his analysis of consumption poverty and welfare""",analysis consumption poverty welfare,5
peace,"""for its decisive contribution to the building of a pluralistic democracy in Tunisia in the wake of the Jasmine Revolution of 2011""",decisive contribution building pluralistic democracy Tunisia wake Jasmine Revolution 2011,2
literature,"""for her polyphonic writings a monument to suffering and courage in our time""",polyphonic writings monument suffering courage time,3
chemistry,"""for mechanistic studies of DNA repair""",mechanistic studies DNA repair,4
chemistry,"""for mechanistic studies of DNA repair""",mechanistic studies DNA repair,4
chemistry,"""for mechanistic studies of DNA repair""",mechanistic studies DNA repair,4
physics,"""for the discovery of neutrino oscillations which shows that neutrinos have mass""",discovery neutrino oscillations shows neutrinos mass,0
medicine,"""for her discoveries concerning a novel therapy against Malaria""",discoveries concerning novel therapy Malaria,1
medicine,"""for their discoveries concerning a novel therapy against infections caused by roundworm parasites""",discoveries concerning novel therapy infections caused roundworm parasites,1
medicine,"""for their discoveries concerning a novel therapy against infections caused by roundworm parasites""",discoveries concerning novel therapy infections caused roundworm parasites,1
physics,"""for the discovery of neutrino oscillations which shows that neutrinos have mass""",discovery neutrino oscillations shows neutrinos mass,0
economics,"""for their contributions to contract theory""",contributions contract theory,5
chemistry,"""for the design and synthesis of molecular machines""",design synthesis molecular machines,4
economics,"""for their contributions to contract theory""",contributions contract theory,5
peace,"""for his resolute efforts to bring the country's more than 50-year-long civil war to an end""",resolute efforts bring countrys 50yearlong civil war end,2
chemistry,"""for the design and synthesis of molecular machines""",design synthesis molecular machines,4
literature,"""for having created new poetic expressions within the great American song tradition""",created new poetic expressions within great American song tradition,3
physics,"""for theoretical discoveries of topological phase transitions and topological phases of matter""",theoretical discoveries topological phase transitions topological phases matter,0
physics,"""for theoretical discoveries of topological phase transitions and topological phases of matter""",theoretical discoveries topological phase transitions topological phases matter,0
physics,"""for theoretical discoveries of topological phase transitions and topological phases of matter""",theoretical discoveries topological phase transitions topological phases matter,0
medicine,"""for his discoveries of mechanisms for autophagy""",discoveries mechanisms autophagy,1
chemistry,"""for the design and synthesis of molecular machines""",design synthesis molecular machines,4
peace,"""for its work to draw attention to the catastrophic humanitarian consequences of any use of nuclear weapons and for its ground-breaking efforts to achieve a treaty-based prohibition of such weapons""",work draw attention catastrophic humanitarian consequences use nuclear weapons groundbreaking efforts achieve treatybased prohibition weapons,2
literature,"""who in novels of great emotional force has uncovered the abyss beneath our illusory sense of connection with the world""",novels great emotional force uncovered abyss beneath illusory sense connection world,3
chemistry,"""for developing cryo-electron microscopy for the high-resolution structure determination of biomolecules in solution""",developing cryoelectron microscopy highresolution structure determination biomolecules solution,4
chemistry,"""for developing cryo-electron microscopy for the high-resolution structure determination of biomolecules in solution""",developing cryoelectron microscopy highresolution structure determination biomolecules solution,4
chemistry,"""for developing cryo-electron microscopy for the high-resolution structure determination of biomolecules in solution""",developing cryoelectron microscopy highresolution structure determination biomolecules solution,4
physics,"""for decisive contributions to the LIGO detector and the observation of gravitational waves""",decisive contributions LIGO detector observation gravitational waves,0
economics,"""for his contributions to behavioural economics""",contributions behavioural economics,5
physics,"""for decisive contributions to the LIGO detector and the observation of gravitational waves""",decisive contributions LIGO detector observation gravitational waves,0
medicine,"""for their discoveries of molecular mechanisms controlling the circadian rhythm""",discoveries molecular mechanisms controlling circadian rhythm,1
medicine,"""for their discoveries of molecular mechanisms controlling the circadian rhythm""",discoveries molecular mechanisms controlling circadian rhythm,1
medicine,"""for their discoveries of molecular mechanisms controlling the circadian rhythm""",discoveries molecular mechanisms controlling circadian rhythm,1
physics,"""for decisive contributions to the LIGO detector and the observation of gravitational waves""",decisive contributions LIGO detector observation gravitational waves,0
literature,"""for a narrative imagination that with encyclopedic passion represents the crossing of boundaries as a form of life""",narrative imagination encyclopedic passion represents crossing boundaries form life,3
economics,"""for integrating technological innovations into long-run macroeconomic analysis""",integrating technological innovations longrun macroeconomic analysis,5
economics,"""for integrating climate change into long-run macroeconomic analysis""",integrating climate change longrun macroeconomic analysis,5
peace,"""for their efforts to end the use of sexual violence as a weapon of war and armed conflict""",efforts end use sexual violence weapon war armed conflict,2
peace,"""for their efforts to end the use of sexual violence as a weapon of war and armed conflict""",efforts end use sexual violence weapon war armed conflict,2
chemistry,"""for the phage display of peptides and antibodies""",phage display peptides antibodies,4
chemistry,"""for the phage display of peptides and antibodies""",phage display peptides antibodies,4
chemistry,"""for the directed evolution of enzymes""",directed evolution enzymes,4
physics,"""for their method of generating high-intensity ultra-short optical pulses""",method generating highintensity ultrashort optical pulses,0
physics,"""for the optical tweezers and their application to biological systems""",optical tweezers application biological systems,0
medicine,"""for their discovery of cancer therapy by inhibition of negative immune regulation""",discovery cancer therapy inhibition negative immune regulation,1
medicine,"""for their discovery of cancer therapy by inhibition of negative immune regulation""",discovery cancer therapy inhibition negative immune regulation,1
physics,"""for their method of generating high-intensity ultra-short optical pulses""",method generating highintensity ultrashort optical pulses,0
chemistry,"""for the development of lithium-ion batteries""",development lithiumion batteries,4
economics,"""for their experimental approach to alleviating global poverty""",experimental approach alleviating global poverty,5
economics,"""for their experimental approach to alleviating global poverty""",experimental approach alleviating global poverty,5
literature,"""for an influential work that with linguistic ingenuity has explored the periphery and the specificity of human experience""",influential work linguistic ingenuity explored periphery specificity human experience,3
economics,"""for their experimental approach to alleviating global poverty""",experimental approach alleviating global poverty,5
chemistry,"""for the development of lithium-ion batteries""",development lithiumion batteries,4
peace,"""for his efforts to achieve peace and international cooperation and in particular for his decisive initiative to resolve the border conflict with neighbouring Eritrea""",efforts achieve peace international cooperation particular decisive initiative resolve border conflict neighbouring Eritrea,2
physics,"""for the discovery of an exoplanet orbiting a solar-type star""",discovery exoplanet orbiting solartype star,0
physics,"""for the discovery of an exoplanet orbiting a solar-type star""",discovery exoplanet orbiting solartype star,0
physics,"""for theoretical discoveries in physical cosmology""",theoretical discoveries physical cosmology,0
medicine,"""for their discoveries of how cells sense and adapt to oxygen availability""",discoveries cells sense adapt oxygen availability,1
medicine,"""for their discoveries of how cells sense and adapt to oxygen availability""",discoveries cells sense adapt oxygen availability,1
medicine,"""for their discoveries of how cells sense and adapt to oxygen availability""",discoveries cells sense adapt oxygen availability,1
chemistry,"""for the development of lithium-ion batteries""",development lithiumion batteries,4
economics,"""for improvements to auction theory and inventions of new auction formats""",improvements auction theory inventions new auction formats,5
economics,"""for improvements to auction theory and inventions of new auction formats""",improvements auction theory inventions new auction formats,5
peace,"""for its efforts to combat hunger for its contribution to bettering conditions for peace in conflict-affected areas and for acting as a driving force in efforts to prevent the use of hunger as a weapon of war and conflict""",efforts combat hunger contribution bettering conditions peace conflictaffected areas acting driving force efforts prevent use hunger weapon war conflict,2
literature,"""for her unmistakable poetic voice that with austere beauty makes individual existence universal""",unmistakable poetic voice austere beauty makes individual existence universal,3
chemistry,"""for the development of a method for genome editing""",development method genome editing,4
chemistry,"""for the development of a method for genome editing""",development method genome editing,4
physics,"""for the discovery of a supermassive compact object at the centre of our galaxy""",discovery supermassive compact object centre galaxy,0
physics,"""for the discovery that black hole formation is a robust prediction of the general theory of relativity""",discovery black hole formation robust prediction general theory relativity,0
medicine,"""for the discovery of Hepatitis C virus""",discovery Hepatitis C virus,1
medicine,"""for the discovery of Hepatitis C virus""",discovery Hepatitis C virus,1
medicine,"""for the discovery of Hepatitis C virus""",discovery Hepatitis C virus,1
physics,"""for the discovery of a supermassive compact object at the centre of our galaxy""",discovery supermassive compact object centre galaxy,0
literature,"""for his uncompromising and compassionate penetration of the effects of colonialism and the fate of the refugee in the gulf between cultures and continents""",uncompromising compassionate penetration effects colonialism fate refugee gulf cultures continents,3
economics,"""for their methodological contributions to the analysis of causal relationships""",methodological contributions analysis causal relationships,5
economics,"""for his empirical contributions to labour economics""",empirical contributions labour economics,5
peace,"""for their efforts to safeguard freedom of expression which is a precondition for democracy and lasting peace""",efforts safeguard freedom expression precondition democracy lasting peace,2
economics,"""for their methodological contributions to the analysis of causal relationships""",methodological contributions analysis causal relationships,5
peace,"""for their efforts to safeguard freedom of expression which is a precondition for democracy and lasting peace""",efforts safeguard freedom expression precondition democracy lasting peace,2
chemistry,"""for the development of asymmetric organocatalysis""",development asymmetric organocatalysis,4
physics,"""for the physical modelling of Earth’s climate quantifying variability and reliably predicting global warming""",physical modelling Earth’s climate quantifying variability reliably predicting global warming,0
physics,"""for the discovery of the interplay of disorder and fluctuations in physical systems from atomic to planetary scales""",discovery interplay disorder fluctuations physical systems atomic planetary scales,0
physics,"""for the physical modelling of Earth’s climate quantifying variability and reliably predicting global warming""",physical modelling Earth’s climate quantifying variability reliably predicting global warming,0
medicine,"""for their discoveries of receptors for temperature and touch""",discoveries receptors temperature touch,1
medicine,"""for their discoveries of receptors for temperature and touch""",discoveries receptors temperature touch,1
chemistry,"""for the development of asymmetric organocatalysis""",development asymmetric organocatalysis,4
economics,"""for research on banks and financial crises""",research banks financial crises,5
peace,"""The Peace Prize laureates represent civil society in their home countries. They have for many years promoted the right to criticise power and protect the fundamental rights of citizens. They have made an outstanding effort to document war crimes human right abuses and the abuse of power. Together they demonstrate the significance of civil society for peace and democracy.""",Peace Prize laureates represent civil society home countries many years promoted right criticise power protect fundamental rights citizens made outstanding effort document war crimes human right abuses abuse power Together demonstrate significance civil society peace democracy,2
peace,"""The Peace Prize laureates represent civil society in their home countries. They have for many years promoted the right to criticise power and protect the fundamental rights of citizens. They have made an outstanding effort to document war crimes human right abuses and the abuse of power. Together they demonstrate the significance of civil society for peace and democracy.""",Peace Prize laureates represent civil society home countries many years promoted right criticise power protect fundamental rights citizens made outstanding effort document war crimes human right abuses abuse power Together demonstrate significance civil society peace democracy,2
peace,"""The Peace Prize laureates represent civil society in their home countries. They have for many years promoted the right to criticise power and protect the fundamental rights of citizens. They have made an outstanding effort to document war crimes human right abuses and the abuse of power. Together they demonstrate the significance of civil society for peace and democracy.""",Peace Prize laureates represent civil society home countries many years promoted right criticise power protect fundamental rights citizens made outstanding effort document war crimes human right abuses abuse power Together demonstrate significance civil society peace democracy,2
literature,"""for the courage and clinical acuity with which she uncovers the roots estrangements and  collective restraints of personal memory""",courage clinical acuity uncovers roots estrangements collective restraints personal memory,3
chemistry,"""for the development of click chemistry and bioorthogonal chemistry""",development click chemistry bioorthogonal chemistry,4
physics,"""for experiments with entangled photons establishing the violation of Bell inequalities and  pioneering quantum information science""",experiments entangled photons establishing violation Bell inequalities pioneering quantum information science,0
physics,"""for experiments with entangled photons establishing the violation of Bell inequalities and  pioneering quantum information science""",experiments entangled photons establishing violation Bell inequalities pioneering quantum information science,0
physics,"""for experiments with entangled photons establishing the violation of Bell inequalities and  pioneering quantum information science""",experiments entangled photons establishing violation Bell inequalities pioneering quantum information science,0
medicine,"""for his discoveries concerning the genomes of extinct hominins and human evolution""",discoveries concerning genomes extinct hominins human evolution,1
chemistry,"""for his work on chirally catalysed oxidation reactions""",work chirally catalysed oxidation reactions,4
chemistry,"""for the development of click chemistry and bioorthogonal chemistry""",development click chemistry bioorthogonal chemistry,4
economics,"""for research on banks and financial crises""",research banks financial crises,5
chemistry,"""for the development of click chemistry and bioorthogonal chemistry""",development click chemistry bioorthogonal chemistry,4
economics,"""for research on banks and financial crises""",research banks financial crises,5
